date,time,timesec,millisec,quaternion.w,quaternion.x,quaternion.y,quaternion.z,angle.x,angle.y,angle.z,acc.x,acc.y,acc.z,gyro.x,gyro.y,gyro.z,compass,gesture,direction,angle,power
2017/01/11,22:25:29,29,641,0.995422,-0.0931396,-0.0179443,-0.00665283,-2.11835,-0.567795,10.6805,0,-0.015625,0.492188,-0.0078125,-0.0078125,0,225,,,,0
2017/01/11,22:25:29,29,655,0.995422,-0.0931396,-0.0183716,-0.00708008,-2.17168,-0.612015,10.6794,0.0078125,-0.015625,0.492188,0,-0.0078125,0,225,,,,0
2017/01/11,22:25:29,29,690,0.995422,-0.0931396,-0.0183716,-0.00708008,-2.17168,-0.612015,10.6794,0.0078125,-0.015625,0.492188,-0.0078125,-0.0078125,0,225,,,,0
2017/01/11,22:25:29,29,722,0.995422,-0.0931396,-0.0186768,-0.00744629,-2.21042,-0.650574,10.6784,0.0078125,-0.015625,0.492188,0,-0.0078125,0,225,,,,0
2017/01/11,22:25:29,29,723,0.995422,-0.0931396,-0.0186768,-0.00744629,-2.21042,-0.650574,10.6784,0.0078125,-0.015625,0.492188,0,-0.0078125,0,225,,,,0
2017/01/11,22:25:29,29,753,0.995422,-0.0930786,-0.019043,-0.0078125,-2.25609,-0.688614,10.6704,0,-0.015625,0.492188,-0.0078125,-0.0078125,0,225,,,,0
2017/01/11,22:25:29,29,789,0.995422,-0.0930786,-0.019043,-0.0078125,-2.25609,-0.688614,10.6704,0.0078125,-0.015625,0.492188,-0.0078125,-0.0078125,0,225,,,,0
2017/01/11,22:25:29,29,806,0.995422,-0.0930786,-0.0194092,-0.00817871,-2.3018,-0.726517,10.6694,0.0078125,-0.015625,0.492188,-0.0078125,-0.0078125,0,225,,,,0
2017/01/11,22:25:29,29,835,0.995422,-0.0930786,-0.0194092,-0.00817871,-2.3018,-0.726517,10.6694,0.0078125,-0.015625,0.492188,-0.0078125,-0.0078125,0,225,,,,0
2017/01/11,22:25:29,29,856,0.995422,-0.0930786,-0.0198364,-0.00854492,-2.35448,-0.763794,10.6683,0.0078125,-0.015625,0.492188,-0.0078125,-0.0078125,0,225,,,,0
2017/01/11,22:25:29,29,872,0.995422,-0.0930786,-0.0198364,-0.00854492,-2.35448,-0.763794,10.6683,0.0078125,-0.015625,0.492188,0,-0.0078125,0,225,,,,0
2017/01/11,22:25:29,29,908,0.995361,-0.0930786,-0.0200806,-0.0088501,-2.38547,-0.796066,10.6681,0.0078125,-0.015625,0.492188,-0.0078125,-0.0078125,0,225,,,,0
2017/01/11,22:25:29,29,942,0.995361,-0.0930786,-0.0200806,-0.0088501,-2.38547,-0.796066,10.6681,0.0078125,-0.015625,0.492188,-0.0078125,-0.0078125,0,225,,,,0
2017/01/11,22:25:29,29,975,0.995361,-0.0930786,-0.0204468,-0.00921631,-2.43119,-0.833969,10.667,0.0078125,-0.015625,0.492188,-0.0078125,-0.0078125,0,225,,,,0
2017/01/11,22:25:29,29,976,0.995361,-0.0930786,-0.0204468,-0.00921631,-2.43119,-0.833969,10.667,0.0078125,-0.015625,0.492188,-0.0078125,-0.0078125,0,225,,,,0
2017/01/11,22:25:30,30,8,0.995361,-0.0930786,-0.020752,-0.00952148,-2.46929,-0.86557,10.666,0.0078125,-0.015625,0.492188,-0.0078125,-0.0078125,0,225,,,,0
2017/01/11,22:25:30,30,25,0.995361,-0.0930786,-0.020752,-0.00952148,-2.46929,-0.86557,10.666,0.0078125,-0.015625,0.492188,-0.0078125,-0.0078125,0,225,,,,0
2017/01/11,22:25:30,30,60,0.995361,-0.0930786,-0.0210571,-0.00982666,-2.50739,-0.897186,10.665,0.0078125,-0.015625,0.492188,-0.0078125,-0.0078125,0,225,,,,0
2017/01/11,22:25:30,30,123,0.995361,-0.0930786,-0.0210571,-0.00982666,-2.50739,-0.897186,10.665,0.0078125,-0.015625,0.492188,-0.0078125,-0.0078125,0,225,,,,0
2017/01/11,22:25:30,30,124,0.995361,-0.0930786,-0.0213623,-0.0100708,-2.54484,-0.921814,10.6642,0.0078125,-0.015625,0.492188,-0.0078125,-0.0078125,0,225,,,,0
2017/01/11,22:25:30,30,141,0.995361,-0.0930786,-0.0213623,-0.0100708,-2.54484,-0.921814,10.6642,0.0078125,-0.015625,0.492188,0,-0.0078125,0,225,,,,0
2017/01/11,22:25:30,30,177,0.995361,-0.0930786,-0.0216064,-0.0103149,-2.57532,-0.947083,10.6634,0.0078125,-0.015625,0.492188,0,-0.0078125,0,225,,,,0
2017/01/11,22:25:30,30,178,0.995361,-0.0930786,-0.0216064,-0.0103149,-2.57532,-0.947083,10.6634,0.0078125,-0.015625,0.492188,0,-0.0078125,0,225,,,,0
2017/01/11,22:25:30,30,210,0.995361,-0.0930786,-0.0217896,-0.010498,-2.59818,-0.966049,10.6628,0.0078125,-0.015625,0.492188,0,-0.0078125,0,225,,,,0
2017/01/11,22:25:30,30,311,0.995361,-0.0930786,-0.0217896,-0.010498,-2.59818,-0.966049,10.6628,0.0078125,-0.015625,0.492188,0,-0.0078125,0,224,,,,0
2017/01/11,22:25:30,30,312,0.995361,-0.0930786,-0.0219727,-0.0106812,-2.62104,-0.985001,10.6621,0.0078125,-0.015625,0.492188,0,-0.0078125,0,224,,,,0
2017/01/11,22:25:30,30,324,0.995361,-0.0930786,-0.0219727,-0.0106812,-2.62104,-0.985001,10.6621,0.0078125,-0.015625,0.492188,0,-0.0078125,0,224,,,,0
2017/01/11,22:25:30,30,325,0.9953,-0.0930786,-0.0221558,-0.0108643,-2.64375,-1.00401,10.6621,0.0078125,-0.015625,0.492188,0,-0.0078125,0,225,,,,0
2017/01/11,22:25:30,30,326,0.9953,-0.0930786,-0.0221558,-0.0108643,-2.64375,-1.00401,10.6621,0.0078125,-0.015625,0.492188,0,-0.0078125,0,225,,,,0
2017/01/11,22:25:30,30,358,0.9953,-0.0930786,-0.0222778,-0.0111084,-2.66029,-1.03059,10.6614,0.0078125,-0.015625,0.492188,0,-0.0078125,0,225,,,,0
2017/01/11,22:25:30,30,392,0.9953,-0.0930786,-0.0222778,-0.0111084,-2.66029,-1.03059,10.6614,0.0078125,-0.015625,0.492188,0,-0.0078125,0,225,,,,0
2017/01/11,22:25:30,30,408,0.9953,-0.0930786,-0.0224609,-0.0112305,-2.6825,-1.04259,10.6609,0,-0.015625,0.492188,-0.0078125,-0.0078125,0,225,,,,0
2017/01/11,22:25:30,30,458,0.9953,-0.0930786,-0.0224609,-0.0112305,-2.6825,-1.04259,10.6609,0.0078125,-0.015625,0.492188,-0.0078125,-0.0078125,0,225,,,,0
2017/01/11,22:25:30,30,459,0.9953,-0.0930786,-0.0227051,-0.0114136,-2.71233,-1.0609,10.6602,0.0078125,-0.015625,0.492188,-0.0078125,-0.0078125,0,225,,,,0
2017/01/11,22:25:30,30,491,0.9953,-0.0930786,-0.0227051,-0.0114136,-2.71233,-1.0609,10.6602,0.0078125,-0.015625,0.492188,0,-0.0078125,0,225,,,,0
2017/01/11,22:25:30,30,508,0.9953,-0.0930786,-0.0229492,-0.0115967,-2.74216,-1.07922,10.6595,0.0078125,-0.015625,0.492188,0,-0.0078125,0,225,,,,0
2017/01/11,22:25:30,30,542,0.9953,-0.0930786,-0.0229492,-0.0115967,-2.74216,-1.07922,10.6595,0,-0.015625,0.492188,0,-0.0078125,0,225,,,,0
2017/01/11,22:25:30,30,559,0.9953,-0.0930786,-0.0231323,-0.0117188,-2.76438,-1.09122,10.659,0.0078125,-0.015625,0.492188,-0.0078125,-0.0078125,0,225,,,,0
2017/01/11,22:25:30,30,577,0.9953,-0.0930786,-0.0231323,-0.0117188,-2.76438,-1.09122,10.659,0.0078125,-0.015625,0.492188,-0.0078125,-0.0078125,0,225,,,,0
2017/01/11,22:25:30,30,609,0.9953,-0.0930786,-0.0233765,-0.0119629,-2.79486,-1.1165,10.6581,0.0078125,-0.015625,0.492188,-0.0078125,-0.0078125,0,225,,,,0
2017/01/11,22:25:30,30,623,0.9953,-0.0930786,-0.0233765,-0.0119629,-2.79486,-1.1165,10.6581,0.0078125,-0.015625,0.492188,-0.0078125,-0.0078125,0,225,,,,0
2017/01/11,22:25:30,30,658,0.9953,-0.0930786,-0.0236206,-0.012146,-2.8247,-1.13481,10.6573,0.0078125,-0.015625,0.492188,-0.0078125,-0.0078125,0,225,,,,0
2017/01/11,22:25:30,30,691,0.9953,-0.0930786,-0.0236206,-0.012146,-2.8247,-1.13481,10.6573,0.0078125,-0.015625,0.492188,-0.0078125,-0.0078125,0,225,,,,0
2017/01/11,22:25:30,30,708,0.995239,-0.0930786,-0.0239258,-0.0123291,-2.86133,-1.15254,10.6572,0.0078125,-0.015625,0.492188,0,-0.0078125,0,225,,,,0
2017/01/11,22:25:30,30,741,0.995239,-0.0930786,-0.0239258,-0.0123291,-2.86133,-1.15254,10.6572,0.0078125,-0.015625,0.492188,0,-0.0078125,0,225,,,,0
2017/01/11,22:25:30,30,758,0.995239,-0.0930786,-0.0241089,-0.0124512,-2.88354,-1.16454,10.6566,0.0078125,-0.015625,0.492188,-0.0078125,-0.0078125,0,224,,,,0
2017/01/11,22:25:30,30,792,0.995239,-0.0930786,-0.0241089,-0.0124512,-2.88354,-1.16454,10.6566,0.0078125,-0.015625,0.492188,0,-0.0078125,0,224,,,,0
2017/01/11,22:25:30,30,810,0.995239,-0.0931396,-0.024292,-0.0126343,-2.9065,-1.18332,10.6629,0.0078125,-0.015625,0.492188,0,-0.0078125,0,224,,,,0
2017/01/11,22:25:30,30,857,0.995239,-0.0931396,-0.024292,-0.0126343,-2.9065,-1.18332,10.6629,0.0078125,-0.015625,0.492188,0,-0.0078125,0,225,,,,0
2017/01/11,22:25:30,30,858,0.995239,-0.0931396,-0.0244141,-0.0127563,-2.92174,-1.19597,10.6624,0.0078125,-0.015625,0.492188,0,-0.0078125,0,225,,,,0
2017/01/11,22:25:30,30,892,0.995239,-0.0931396,-0.0244141,-0.0127563,-2.92174,-1.19597,10.6624,0.0078125,-0.015625,0.492188,-0.0078125,-0.0078125,0,225,,,,0
2017/01/11,22:25:30,30,911,0.995239,-0.0932007,-0.0245972,-0.0128784,-2.94405,-1.20776,10.6689,0.0078125,-0.015625,0.492188,0,-0.0078125,0,225,,,,0
2017/01/11,22:25:30,30,926,0.995239,-0.0932007,-0.0245972,-0.0128784,-2.94405,-1.20776,10.6689,0.0078125,-0.015625,0.492188,0,-0.0078125,0,225,,,,0
2017/01/11,22:25:30,30,970,0.995239,-0.0932007,-0.0247192,-0.0130615,-2.95994,-1.22739,10.6682,0.0078125,-0.015625,0.492188,0,-0.0078125,0,225,,,,0
2017/01/11,22:25:30,30,990,0.995239,-0.0932007,-0.0247192,-0.0130615,-2.95994,-1.22739,10.6682,0.0078125,-0.015625,0.492188,0,-0.0078125,0,224,,,,0
2017/01/11,22:25:31,31,8,0.995239,-0.0932007,-0.0249023,-0.0131836,-2.98216,-1.23938,10.6676,0.0078125,-0.015625,0.492188,0,-0.0078125,0,224,,,,0
2017/01/11,22:25:31,31,39,0.995239,-0.0932007,-0.0249023,-0.0131836,-2.98216,-1.23938,10.6676,0.0078125,-0.015625,0.492188,-0.0078125,-0.0078125,0,224,,,,0
2017/01/11,22:25:31,31,57,0.995239,-0.0932617,-0.0250854,-0.0133057,-3.00447,-1.25117,10.674,0.0078125,-0.015625,0.492188,-0.0078125,-0.0078125,0,225,,,,0
2017/01/11,22:25:31,31,123,0.995239,-0.0932617,-0.0250854,-0.0133057,-3.00447,-1.25117,10.674,0.0078125,-0.015625,0.492188,-0.0078125,-0.0078125,0,225,,,,0
2017/01/11,22:25:31,31,124,0.995178,-0.0932007,-0.0252686,-0.0134277,-3.02642,-1.26343,10.6672,0.0078125,-0.015625,0.492188,-0.0078125,-0.0078125,0,225,,,,0
2017/01/11,22:25:31,31,139,0.995178,-0.0932007,-0.0252686,-0.0134277,-3.02642,-1.26343,10.6672,0.0078125,-0.015625,0.492188,0,-0.0078125,0,225,,,,0
2017/01/11,22:25:31,31,174,0.995178,-0.0932617,-0.0254517,-0.0136108,-3.04938,-1.2822,10.6734,0.0078125,-0.015625,0.492188,-0.0078125,-0.0078125,0,225,,,,0
2017/01/11,22:25:31,31,191,0.995178,-0.0932617,-0.0254517,-0.0136108,-3.04938,-1.2822,10.6734,0.0078125,-0.015625,0.492188,-0.0078125,-0.0078125,0,225,,,,0
2017/01/11,22:25:31,31,207,0.995178,-0.0932617,-0.0255737,-0.0137329,-3.06463,-1.29485,10.6729,0.0078125,-0.015625,0.492188,-0.0078125,-0.0078125,0,225,,,,0
2017/01/11,22:25:31,31,223,0.995178,-0.0932617,-0.0255737,-0.0137329,-3.06463,-1.29485,10.6729,0.0078125,-0.015625,0.492188,0,-0.0078125,0,225,,,,0
2017/01/11,22:25:31,31,272,0.995178,-0.0932617,-0.0257568,-0.013916,-3.0875,-1.31381,10.6721,0.0078125,-0.015625,0.492188,0,-0.0078125,0,225,,,,0
2017/01/11,22:25:31,31,307,0.995178,-0.0932617,-0.0257568,-0.013916,-3.0875,-1.31381,10.6721,0.0078125,-0.015625,0.492188,0,-0.0078125,0,225,,,,0
2017/01/11,22:25:31,31,308,0.995178,-0.0932617,-0.0258179,-0.0140381,-3.09578,-1.3271,10.6716,0.0078125,-0.015625,0.492188,0,-0.0078125,0,225,,,,0
2017/01/11,22:25:31,31,341,0.995178,-0.0932617,-0.0258179,-0.0140381,-3.09578,-1.3271,10.6716,0.0078125,-0.015625,0.492188,0,-0.0078125,0,225,,,,0
2017/01/11,22:25:31,31,372,0.995178,-0.0932007,-0.0258789,-0.0141602,-3.10395,-1.34059,10.6642,0.0078125,-0.015625,0.492188,0,-0.0078125,0,225,,,,0
2017/01/11,22:25:31,31,373,0.995178,-0.0932007,-0.0258789,-0.0141602,-3.10395,-1.34059,10.6642,0.0078125,-0.015625,0.492188,0,-0.0078125,0,225,,,,0
2017/01/11,22:25:31,31,423,0.995178,-0.0932007,-0.0259399,-0.0142212,-3.11158,-1.34692,10.664,0.0078125,-0.015625,0.492188,0,-0.0078125,0,225,,,,0
2017/01/11,22:25:31,31,440,0.995178,-0.0932007,-0.0259399,-0.0142212,-3.11158,-1.34692,10.664,0.0078125,-0.015625,0.492188,0,-0.0078125,0,225,,,,0
2017/01/11,22:25:31,31,457,0.995178,-0.0932007,-0.0259399,-0.0142822,-3.11223,-1.35388,10.6638,0.0078125,-0.015625,0.492188,0,-0.0078125,0,225,,,,0
2017/01/11,22:25:31,31,507,0.995178,-0.0932007,-0.0259399,-0.0142822,-3.11223,-1.35388,10.6638,0.0078125,-0.015625,0.492188,0,-0.0078125,0,225,,,,0
2017/01/11,22:25:31,31,508,0.995178,-0.0932617,-0.026001,-0.0143433,-3.11995,-1.36002,10.6705,0.0078125,-0.015625,0.492188,0,-0.0078125,0,225,,,,0
2017/01/11,22:25:31,31,523,0.995178,-0.0932617,-0.026001,-0.0143433,-3.11995,-1.36002,10.6705,0.0078125,-0.015625,0.492188,0,-0.0078125,0,225,,,,0
2017/01/11,22:25:31,31,558,0.995178,-0.0932617,-0.0259399,-0.0144043,-3.11364,-1.36765,10.6703,0.0078125,-0.015625,0.492188,0,-0.0078125,0,225,,,,0
2017/01/11,22:25:31,31,588,0.995178,-0.0932617,-0.0259399,-0.0144043,-3.11364,-1.36765,10.6703,0.0078125,-0.015625,0.492188,0,-0.0078125,0,225,,,,0
2017/01/11,22:25:31,31,606,0.995178,-0.0932617,-0.0259399,-0.0144043,-3.11364,-1.36765,10.6703,0.0078125,-0.015625,0.492188,0,-0.0078125,0,225,,,,0
2017/01/11,22:25:31,31,640,0.995178,-0.0932617,-0.0259399,-0.0144043,-3.11364,-1.36765,10.6703,0.0078125,-0.015625,0.492188,0,-0.0078125,0,225,,,,0
2017/01/11,22:25:31,31,673,0.995178,-0.0932617,-0.026001,-0.0144653,-3.12126,-1.37396,10.6701,0.0078125,-0.015625,0.492188,0,-0.0078125,0,224,,,,0
2017/01/11,22:25:31,31,674,0.995178,-0.0932617,-0.026001,-0.0144653,-3.12126,-1.37396,10.6701,0.0078125,-0.015625,0.492188,0,-0.0078125,0,224,,,,0
2017/01/11,22:25:31,31,721,0.995178,-0.0932617,-0.0259399,-0.0145264,-3.11494,-1.38158,10.6699,0.0078125,-0.015625,0.492188,0,-0.0078125,0,225,,,,0
2017/01/11,22:25:31,31,738,0.995178,-0.0932617,-0.0259399,-0.0145264,-3.11494,-1.38158,10.6699,0.0078125,-0.015625,0.492188,0,-0.0078125,0,225,,,,0
2017/01/11,22:25:31,31,755,0.995178,-0.0933228,-0.0259399,-0.0145874,-3.1157,-1.38835,10.6767,0.0078125,-0.015625,0.492188,0,-0.0078125,0,225,,,,0
2017/01/11,22:25:31,31,788,0.995178,-0.0933228,-0.0259399,-0.0145874,-3.1157,-1.38835,10.6767,0.0078125,-0.015625,0.492188,0,-0.0078125,0,225,,,,0
2017/01/11,22:25:31,31,825,0.995178,-0.0932617,-0.026001,-0.0145874,-3.12257,-1.38791,10.6697,0.0078125,-0.015625,0.492188,0,-0.0078125,0,225,,,,0
2017/01/11,22:25:31,31,839,0.995178,-0.0932617,-0.026001,-0.0145874,-3.12257,-1.38791,10.6697,0.0078125,-0.015625,0.492188,0,-0.0078125,0,225,,,,0
2017/01/11,22:25:31,31,855,0.995178,-0.0932617,-0.026001,-0.0146484,-3.12322,-1.39487,10.6695,0.0078125,-0.015625,0.492188,0,-0.0078125,0,225,,,,0
2017/01/11,22:25:31,31,890,0.995178,-0.0932617,-0.026001,-0.0146484,-3.12322,-1.39487,10.6695,0.0078125,-0.015625,0.492188,0,-0.0078125,0,225,,,,0
2017/01/11,22:25:31,31,941,0.995178,-0.0932617,-0.026123,-0.0147095,-3.13781,-1.40056,10.6692,0.0078125,-0.015625,0.492188,-0.0078125,-0.0078125,0,225,,,,0
2017/01/11,22:25:31,31,942,0.995178,-0.0932617,-0.026123,-0.0147095,-3.13781,-1.40056,10.6692,0.0078125,-0.015625,0.492188,0,-0.0078125,0,225,,,,0
2017/01/11,22:25:31,31,988,0.995178,-0.0932617,-0.0261841,-0.0147705,-3.14544,-1.40688,10.6689,0.0078125,-0.015625,0.492188,0,-0.0078125,0,225,,,,0
2017/01/11,22:25:31,31,989,0.995178,-0.0932617,-0.0261841,-0.0147705,-3.14544,-1.40688,10.6689,0.0078125,-0.015625,0.492188,0,-0.0078125,0,225,,,,0
2017/01/11,22:25:32,32,6,0.995178,-0.0933228,-0.0263062,-0.0148315,-3.16014,-1.41234,10.6755,0.0078125,-0.015625,0.492188,0,-0.0078125,0,225,,,,0
2017/01/11,22:25:32,32,35,0.995178,-0.0933228,-0.0263062,-0.0148315,-3.16014,-1.41234,10.6755,0.0078125,-0.015625,0.492188,0,-0.0078125,0,225,,,,0
2017/01/11,22:25:32,32,53,0.995178,-0.0933228,-0.0263062,-0.0147705,-3.15948,-1.40538,10.6757,0.0078125,-0.015625,0.492188,0,-0.0078125,0,225,,,,0
2017/01/11,22:25:32,32,88,0.995178,-0.0933228,-0.0263062,-0.0147705,-3.15948,-1.40538,10.6757,0.0078125,-0.015625,0.492188,0,-0.0078125,0,225,,,,0
2017/01/11,22:25:32,32,121,0.995178,-0.0933838,-0.0262451,-0.0146484,-3.15131,-1.39188,10.6832,0.0078125,-0.015625,0.492188,-0.0078125,-0.0078125,0,225,,,,0
2017/01/11,22:25:32,32,122,0.995178,-0.0933838,-0.0262451,-0.0146484,-3.15131,-1.39188,10.6832,0.0078125,-0.015625,0.5,-0.0078125,-0.0078125,0,224,,,,0
2017/01/11,22:25:32,32,156,0.995117,-0.0934448,-0.0266724,-0.0148315,-3.20199,-1.40813,10.6897,0.015625,0.0078125,0.523438,-0.0078125,-0.0078125,0,224,,,,0
2017/01/11,22:25:32,32,190,0.995117,-0.0934448,-0.0266724,-0.0148315,-3.20199,-1.40813,10.6897,-0.015625,-0.0234375,0.625,-0.0234375,-0.015625,0,224,,,,0
2017/01/11,22:25:32,32,205,0.994629,-0.09375,-0.0356445,-0.0249634,-4.33494,-2.4702,10.6756,-0.015625,-0.03125,0.695312,-0.046875,-0.03125,-0.0078125,224,,,,0
2017/01/11,22:25:32,32,238,0.994629,-0.09375,-0.0356445,-0.0249634,-4.33494,-2.4702,10.6756,0.0078125,-0.046875,0.71875,-0.0625,-0.0390625,-0.0078125,224,,,,0
2017/01/11,22:25:32,32,271,0.99115,-0.090271,-0.0796509,-0.055542,-9.66688,-5.5724,9.93635,0.0390625,0.046875,0.75,-0.078125,-0.0546875,-0.0078125,224,,,,0
2017/01/11,22:25:32,32,272,0.99115,-0.090271,-0.0796509,-0.055542,-9.66688,-5.5724,9.93635,-0.507812,0.421875,0.75,-0.0703125,-0.0546875,0.015625,223,,,,0
2017/01/11,22:25:32,32,322,0.983948,-0.103088,-0.119995,-0.0821533,-14.6596,-8.13739,10.9136,-0.273438,0.492188,0.453125,-0.0234375,0,0.0546875,223,,,,0
2017/01/11,22:25:32,32,338,0.983948,-0.103088,-0.119995,-0.0821533,-14.6596,-8.13739,10.9136,-0.242188,0.5,0.351562,-0.0078125,0.0078125,0.0625,223,,,,0
2017/01/11,22:25:32,32,355,0.980042,-0.155701,-0.11261,-0.050415,-13.6756,-3.76215,17.6031,-0.0234375,0.460938,0.398438,0.0078125,0.03125,0.03125,223,,,,0
2017/01/11,22:25:32,32,407,0.980042,-0.155701,-0.11261,-0.050415,-13.6756,-3.76215,17.6031,-0.03125,0.328125,0.4375,0.0234375,0.0078125,0,223,,,,0
2017/01/11,22:25:32,32,423,0.982666,-0.166016,-0.0789795,-0.0220337,-9.35417,-0.991928,19.0973,-0.132812,0.195312,0.476562,0.0390625,0.0078125,-0.015625,224,,,,0
2017/01/11,22:25:32,32,424,0.982666,-0.166016,-0.0789795,-0.0220337,-9.35417,-0.991928,19.0973,-0.132812,0.078125,0.515625,0.046875,0.015625,-0.0078125,225,,,,0
2017/01/11,22:25:32,32,456,0.98645,-0.159973,-0.034668,0.00598145,-3.81199,1.31479,18.4667,-0.125,-0.0078125,0.539062,0.0546875,0.0234375,0.0078125,230,,,,0
2017/01/11,22:25:32,32,505,0.98645,-0.159973,-0.034668,0.00598145,-3.81199,1.31479,18.4667,-0.078125,-0.0546875,0.539062,0.0546875,0.0234375,0.0234375,235,,,,0
2017/01/11,22:25:32,32,506,0.983215,-0.177551,0.00817871,0.0411377,1.75874,4.47517,20.4038,-0.046875,-0.125,0.53125,0.0546875,0.0234375,0.03125,241,,,,0
2017/01/11,22:25:32,32,539,0.983215,-0.177551,0.00817871,0.0411377,1.75874,4.47517,20.4038,-0.0234375,-0.171875,0.570312,0.046875,0.0234375,0.03125,248,,,,0
2017/01/11,22:25:32,32,572,0.975281,-0.203857,0.0438843,0.0728149,6.62016,7.17938,23.1967,0.0703125,-0.320312,0.515625,0.0546875,0.0234375,0.015625,255,,,,0
2017/01/11,22:25:32,32,573,0.975281,-0.203857,0.0438843,0.0728149,6.62016,7.17938,23.1967,0.101562,-0.46875,0.460938,0.0390625,0.015625,0,261,,,,0
2017/01/11,22:25:32,32,606,0.971375,-0.209045,0.0645752,0.0922241,9.43981,8.87434,23.5561,0.0859375,-0.578125,0.398438,0.0234375,0.0078125,-0.0078125,266,,,,0
2017/01/11,22:25:32,32,674,0.971375,-0.209045,0.0645752,0.0922241,9.43981,8.87434,23.5561,0.0390625,-0.601562,0.375,0.0078125,0,-0.0078125,270,,,,0
2017/01/11,22:25:32,32,675,0.972778,-0.204712,0.0541382,0.0940552,8.26996,9.35303,23.0902,0.0078125,-0.476562,0.335938,-0.0078125,0.0078125,0,272,,,,0
2017/01/11,22:25:32,32,690,0.972778,-0.204712,0.0541382,0.0940552,8.26996,9.35303,23.0902,-0.335938,-0.765625,0.992188,-0.046875,-0.0859375,0.0078125,273,STEP,FRONT,HEEL,0.0640441
2017/01/11,22:25:32,32,705,0.977478,-0.208679,0.0159912,0.0272217,2.44288,2.67009,24.0451,0.0390625,0.078125,0.804688,-0.0859375,-0.0625,0,273,,,,0
2017/01/11,22:25:32,32,723,0.977478,-0.208679,0.0159912,0.0272217,2.44288,2.67009,24.0451,0.0546875,-0.0078125,0.796875,-0.0625,-0.0390625,0,273,,,,0
2017/01/11,22:25:32,32,756,0.976929,-0.210815,-0.0303955,-0.0150146,-3.76814,-0.948685,24.3235,0.015625,-0.0234375,0.46875,-0.0078125,-0.0078125,0,273,,,,0
2017/01/11,22:25:32,32,788,0.976929,-0.210815,-0.0303955,-0.0150146,-3.76814,-0.948685,24.3235,0.0078125,-0.015625,0.492188,-0.0078125,-0.0078125,-0.0078125,273,,,,0
2017/01/11,22:25:32,32,808,0.976746,-0.210815,-0.0338135,-0.0179443,-4.22195,-1.19499,24.3151,0.0078125,-0.0234375,0.5,-0.0078125,-0.0078125,-0.0078125,273,,,,0
2017/01/11,22:25:32,32,835,0.976746,-0.210815,-0.0338135,-0.0179443,-4.22195,-1.19499,24.3151,0.0078125,-0.0234375,0.492188,-0.0078125,-0.0078125,-0.0078125,274,,,,0
2017/01/11,22:25:32,32,873,0.976746,-0.21051,-0.0349731,-0.0193481,-4.38544,-1.326,24.2742,0.0078125,-0.0234375,0.492188,-0.0078125,-0.0078125,-0.0078125,275,,,,0
2017/01/11,22:25:32,32,874,0.976746,-0.21051,-0.0349731,-0.0193481,-4.38544,-1.326,24.2742,0.0078125,-0.0234375,0.492188,-0.0078125,-0.0078125,-0.0078125,276,,,,0
2017/01/11,22:25:32,32,905,0.976746,-0.210266,-0.0355835,-0.0198364,-4.46522,-1.36726,24.2443,0.0078125,-0.0234375,0.492188,-0.0078125,-0.0078125,-0.0078125,276,,,,0
2017/01/11,22:25:32,32,940,0.976746,-0.210266,-0.0355835,-0.0198364,-4.46522,-1.36726,24.2443,0.0078125,-0.0234375,0.484375,-0.0078125,-0.0078125,-0.0078125,277,,,,0
2017/01/11,22:25:32,32,956,0.976807,-0.209839,-0.036499,-0.0199585,-4.57024,-1.36095,24.1939,0.0078125,-0.0234375,0.492188,-0.0078125,-0.0078125,-0.0078125,277,,,,0
2017/01/11,22:25:32,32,988,0.976807,-0.209839,-0.036499,-0.0199585,-4.57024,-1.36095,24.1939,0.0078125,-0.0234375,0.484375,-0.0078125,-0.0078125,-0.0078125,278,,,,0
2017/01/11,22:25:33,33,23,0.976868,-0.209473,-0.0377808,-0.0204468,-4.72536,-1.3868,24.1484,0.0078125,-0.0234375,0.484375,-0.0078125,-0.0078125,-0.0078125,278,,,,0
2017/01/11,22:25:33,33,24,0.976868,-0.209473,-0.0377808,-0.0204468,-4.72536,-1.3868,24.1484,0.0078125,-0.0234375,0.492188,-0.0078125,-0.0078125,-0.0078125,278,,,,0
2017/01/11,22:25:33,33,55,0.976868,-0.209106,-0.0394897,-0.0213623,-4.93851,-1.45059,24.102,0.0078125,-0.0234375,0.492188,-0.0078125,-0.0078125,-0.0078125,278,,,,0
2017/01/11,22:25:33,33,103,0.976868,-0.209106,-0.0394897,-0.0213623,-4.93851,-1.45059,24.102,0.0078125,-0.0234375,0.492188,-0.0078125,-0.0078125,-0.0078125,278,,,,0
2017/01/11,22:25:33,33,139,0.976868,-0.208557,-0.0414429,-0.0220337,-5.17275,-1.48228,24.036,0.0078125,-0.03125,0.5,-0.0078125,0,-0.0078125,278,,,,0
2017/01/11,22:25:33,33,154,0.976868,-0.208557,-0.0414429,-0.0220337,-5.17275,-1.48228,24.036,0.015625,-0.03125,0.515625,-0.0078125,0,-0.0078125,278,,,,0
2017/01/11,22:25:33,33,155,0.97699,-0.20697,-0.0469971,-0.0185547,-5.71106,-0.967606,23.8737,0.0078125,-0.0390625,0.523438,-0.015625,0.015625,0,277,,,,0
2017/01/11,22:25:33,33,172,0.97699,-0.20697,-0.0469971,-0.0185547,-5.71106,-0.967606,23.8737,-0.015625,-0.046875,0.554688,-0.0234375,0.0234375,0,277,,,,0
2017/01/11,22:25:33,33,206,0.976196,-0.206482,-0.0658569,-0.00280762,-7.45445,1.25496,23.9677,-0.0234375,-0.0546875,0.59375,-0.0390625,0.0234375,0,277,,,,0
2017/01/11,22:25:33,33,238,0.976196,-0.206482,-0.0658569,-0.00280762,-7.45445,1.25496,23.9677,-0.0625,-0.078125,0.632812,-0.0546875,0.015625,-0.0078125,277,,,,0
2017/01/11,22:25:33,33,255,0.972778,-0.203796,-0.109863,0.00714111,-12.1713,3.44127,24.0316,-0.0078125,-0.101562,0.773438,-0.078125,0,-0.0078125,277,,,,0
2017/01/11,22:25:33,33,288,0.972778,-0.203796,-0.109863,0.00714111,-12.1713,3.44127,24.0316,-0.09375,-0.140625,0.960938,-0.125,-0.0078125,-0.0078125,276,,,,0
2017/01/11,22:25:33,33,306,0.959839,-0.199524,-0.196899,-0.0117798,-22.5,3.47246,24.1769,-0.0390625,-0.140625,0.992188,-0.179688,-0.0234375,-0.015625,276,,,,0
2017/01/11,22:25:33,33,339,0.959839,-0.199524,-0.196899,-0.0117798,-22.5,3.47246,24.1769,-0.15625,-0.148438,0.992188,-0.226562,-0.046875,-0.015625,276,,,,0
2017/01/11,22:25:33,33,357,0.915833,-0.191284,-0.346436,-0.0681763,-41.3484,0.584579,23.8154,-0.210938,0.109375,0.992188,-0.234375,-0.0234375,-0.0234375,276,,,,0
2017/01/11,22:25:33,33,388,0.915833,-0.191284,-0.346436,-0.0681763,-41.3484,0.584579,23.8154,-0.445312,0.820312,0.992188,-0.273438,-0.0078125,-0.03125,275,,,,0
2017/01/11,22:25:33,33,422,0.844482,-0.165527,-0.499207,-0.101318,-61.2449,-0.697693,21.767,-0.28125,0.992188,0.984375,-0.0703125,0.0234375,0,275,,,,0
2017/01/11,22:25:33,33,439,0.844482,-0.165527,-0.499207,-0.101318,-61.2449,-0.697693,21.767,-0.078125,0.5,0.398438,0.078125,-0.0078125,0.0234375,275,,,,0
2017/01/11,22:25:33,33,457,0.872803,-0.182678,-0.446838,-0.0720215,-53.7376,3.63821,25.4865,-0.1875,0.296875,0.296875,0.0703125,-0.0078125,-0.0078125,276,,,,0
2017/01/11,22:25:33,33,472,0.872803,-0.182678,-0.446838,-0.0720215,-53.7376,3.63821,25.4865,0.015625,0.296875,0.375,0.0859375,0.015625,-0.03125,276,,,,0
2017/01/11,22:25:33,33,521,0.912781,-0.172363,-0.366577,-0.0526123,-43.4204,2.39249,22.3395,0.0078125,0.257812,0.445312,0.109375,-0.0078125,-0.0234375,274,,,,0
2017/01/11,22:25:33,33,538,0.912781,-0.172363,-0.366577,-0.0526123,-43.4204,2.39249,22.3395,-0.140625,0.195312,0.515625,0.132812,-0.0078125,-0.0078125,271,,,,0
2017/01/11,22:25:33,33,556,0.953918,-0.174622,-0.242004,-0.0314941,-28.21,1.58876,21.1463,-0.132812,0.117188,0.59375,0.15625,0.015625,0.0078125,267,,,,0
2017/01/11,22:25:33,33,588,0.953918,-0.174622,-0.242004,-0.0314941,-28.21,1.58876,21.1463,-0.101562,0.046875,0.742188,0.164062,0.03125,0.0078125,262,,,,0
2017/01/11,22:25:33,33,623,0.977966,-0.183472,-0.0957031,0.026062,-10.2315,5.01932,21.7006,-0.101562,-0.078125,0.914062,0.171875,0.03125,0.0078125,255,,,,0
2017/01/11,22:25:33,33,624,0.977966,-0.183472,-0.0957031,0.026062,-10.2315,5.01932,21.7006,-0.132812,-0.296875,0.992188,0.171875,0.03125,0.0078125,248,,,,0
2017/01/11,22:25:33,33,655,0.978516,-0.183594,0.0428467,0.083313,6.57154,8.52791,20.7626,-0.132812,-0.710938,0.992188,0.171875,0.0390625,0.0078125,240,,,,0
2017/01/11,22:25:33,33,689,0.978516,-0.183594,0.0428467,0.083313,6.57154,8.52791,20.7626,-0.03125,-1,0.992188,0.171875,0.03125,0.03125,232,,,,0
2017/01/11,22:25:33,33,705,0.961548,-0.191284,0.147339,0.130737,19.473,11.9405,20.4462,-0.0625,-1,0.640625,0.117188,0.0234375,0.0234375,225,,,,0
2017/01/11,22:25:33,33,739,0.961548,-0.191284,0.147339,0.130737,19.473,11.9405,20.4462,0.1875,-1,0.429688,0.0546875,0.046875,-0.015625,220,,,,0
2017/01/11,22:25:33,33,755,0.954529,-0.185486,0.165039,0.164795,22.0987,15.8721,18.8747,0.5,-1,0.359375,0,0.03125,-0.0390625,218,,,,0
2017/01/11,22:25:33,33,771,0.954529,-0.185486,0.165039,0.164795,22.0987,15.8721,18.8747,0.492188,-1,0.421875,-0.0390625,-0.0078125,-0.0234375,217,,,,0
2017/01/11,22:25:33,33,805,0.971436,-0.172119,0.098999,0.1297,13.709,12.9627,18.5299,-0.09375,0.421875,0.953125,-0.09375,-0.195312,0.0078125,217,STEP,FRONT,HEEL,0.226572
2017/01/11,22:25:33,33,909,0.971436,-0.172119,0.098999,0.1297,13.709,12.9627,18.5299,0.289062,-0.125,0.992188,-0.164062,-0.0703125,0.015625,218,,,,0
2017/01/11,22:25:33,33,920,0.984131,-0.176941,0.00946045,0.00262451,1.12017,0.104187,20.3841,0.0234375,-0.015625,0.84375,-0.09375,-0.0546875,-0.0078125,219,,,,0
2017/01/11,22:25:33,33,921,0.984131,-0.176941,0.00946045,0.00262451,1.12017,0.104187,20.3841,0.015625,-0.0234375,0.492188,-0.015625,-0.0078125,0,220,,,,0
2017/01/11,22:25:33,33,922,0.983887,-0.176025,-0.0215454,-0.0228882,-2.89205,-2.14917,20.2325,0.0078125,-0.0234375,0.5,-0.0078125,-0.0078125,0,222,,,,0
2017/01/11,22:25:33,33,940,0.983887,-0.176025,-0.0215454,-0.0228882,-2.89205,-2.14917,20.2325,0.0078125,-0.0234375,0.492188,-0.0078125,-0.0078125,0,223,,,,0
2017/01/11,22:25:33,33,956,0.983765,-0.176147,-0.0231934,-0.0236206,-3.0929,-2.19853,20.2436,0.0078125,-0.0234375,0.492188,-0.0078125,-0.0078125,-0.0078125,224,,,,0
2017/01/11,22:25:33,33,988,0.983765,-0.176147,-0.0231934,-0.0236206,-3.0929,-2.19853,20.2436,0.0078125,-0.015625,0.492188,-0.0078125,-0.0078125,-0.0078125,225,,,,0
2017/01/11,22:25:34,34,88,0.983765,-0.176025,-0.0237427,-0.0234985,-3.15212,-2.17413,20.2294,0.0078125,-0.0234375,0.492188,-0.0078125,-0.0078125,-0.0078125,225,,,,0
2017/01/11,22:25:34,34,89,0.983765,-0.176025,-0.0237427,-0.0234985,-3.15212,-2.17413,20.2294,0.0078125,-0.0234375,0.492188,-0.0078125,-0.0078125,-0.0078125,225,,,,0
2017/01/11,22:25:34,34,90,0.983826,-0.17572,-0.0250244,-0.0233765,-3.29373,-2.13564,20.1921,0.0078125,-0.0234375,0.492188,-0.0078125,-0.0078125,-0.0078125,225,,,,0
2017/01/11,22:25:34,34,138,0.983826,-0.17572,-0.0250244,-0.0233765,-3.29373,-2.13564,20.1921,0.0078125,-0.0234375,0.492188,-0.0078125,-0.0078125,-0.0078125,225,,,,0
2017/01/11,22:25:34,34,139,0.983826,-0.175476,-0.0262451,-0.0233765,-3.43093,-2.11206,20.1627,0.0078125,-0.0234375,0.492188,-0.0078125,-0.0078125,-0.0078125,225,,,,0
2017/01/11,22:25:34,34,140,0.983826,-0.175476,-0.0262451,-0.0233765,-3.43093,-2.11206,20.1627,0.0078125,-0.0234375,0.492188,-0.0078125,-0.0078125,-0.0078125,225,,,,0
2017/01/11,22:25:34,34,186,0.983826,-0.175232,-0.0278931,-0.0238037,-3.62501,-2.12831,20.131,0.0078125,-0.0234375,0.492188,-0.0078125,-0.0078125,-0.0078125,225,,,,0
2017/01/11,22:25:34,34,187,0.983826,-0.175232,-0.0278931,-0.0238037,-3.62501,-2.12831,20.131,0.0078125,-0.0234375,0.492188,-0.0078125,-0.0078125,-0.0078125,225,,,,0
2017/01/11,22:25:34,34,206,0.983826,-0.174866,-0.0297241,-0.0244751,-3.84436,-2.16911,20.0843,0.0078125,-0.0234375,0.492188,-0.0078125,-0.0078125,-0.0078125,225,,,,0
2017/01/11,22:25:34,34,256,0.983826,-0.174866,-0.0297241,-0.0244751,-3.84436,-2.16911,20.0843,0.0078125,-0.03125,0.492188,-0.0078125,-0.0078125,-0.0078125,225,,,,0
2017/01/11,22:25:34,34,273,0.983948,-0.173523,-0.0319824,-0.0247192,-4.10111,-2.15746,19.9257,0.0078125,-0.03125,0.539062,-0.0078125,0,-0.0078125,225,,,,0
2017/01/11,22:25:34,34,291,0.983948,-0.173523,-0.0319824,-0.0247192,-4.10111,-2.15746,19.9257,0,-0.0390625,0.609375,-0.0234375,0.0234375,-0.0078125,225,,,,0
2017/01/11,22:25:34,34,322,0.983887,-0.171875,-0.0483398,-0.00952148,-5.64675,-0.122025,19.812,-0.0390625,-0.0390625,0.679688,-0.0546875,0.03125,-0.0078125,225,,,,0
2017/01/11,22:25:34,34,338,0.983887,-0.171875,-0.0483398,-0.00952148,-5.64675,-0.122025,19.812,-0.0703125,-0.09375,0.710938,-0.0859375,0.015625,-0.0078125,224,,,,0
2017/01/11,22:25:34,34,373,0.979187,-0.167969,-0.113464,0.0010376,-12.8181,2.36009,19.7326,-0.0078125,-0.140625,0.851562,-0.117188,0.0078125,-0.0078125,223,,,,0
2017/01/11,22:25:34,34,389,0.979187,-0.167969,-0.113464,0.0010376,-12.8181,2.36009,19.7326,-0.0546875,-0.171875,0.992188,-0.171875,0,-0.0078125,222,,,,0
2017/01/11,22:25:34,34,405,0.958069,-0.164001,-0.234192,-0.0178833,-27.0398,2.73824,20.0859,0,-0.164062,0.992188,-0.226562,-0.03125,-0.0078125,220,,,,0
2017/01/11,22:25:34,34,441,0.958069,-0.164001,-0.234192,-0.0178833,-27.0398,2.73824,20.0859,0,-0.101562,0.992188,-0.242188,-0.03125,-0.0078125,219,,,,0
2017/01/11,22:25:34,34,471,0.898193,-0.160767,-0.402771,-0.0719604,-48.3027,0.0202789,20.3048,-0.234375,0.59375,0.992188,-0.257812,-0.03125,-0.0078125,217,,,,0
2017/01/11,22:25:34,34,488,0.898193,-0.160767,-0.402771,-0.0719604,-48.3027,0.0202789,20.3048,-0.367188,0.992188,0.992188,-0.109375,-0.046875,-0.015625,216,,,,0
2017/01/11,22:25:34,34,522,0.843628,-0.163269,-0.499268,-0.111328,-61.4913,-2.97917,20.134,-0.195312,0.695312,0.585938,0.0625,-0.0234375,-0.015625,215,,,,0
2017/01/11,22:25:34,34,538,0.843628,-0.163269,-0.499268,-0.111328,-61.4913,-2.97917,20.134,-0.15625,0.359375,0.265625,0.0625,-0.015625,-0.046875,214,,,,0
2017/01/11,22:25:34,34,556,0.887512,-0.156372,-0.418396,-0.11322,-51.0844,-6.40872,16.9199,-0.078125,0.390625,0.351562,0.0859375,0,-0.0546875,212,,,,0
2017/01/11,22:25:34,34,589,0.887512,-0.156372,-0.418396,-0.11322,-51.0844,-6.40872,16.9199,-0.078125,0.226562,0.375,0.117188,-0.0078125,-0.0390625,212,,,,0
2017/01/11,22:25:34,34,623,0.935425,-0.13623,-0.307251,-0.109436,-37.2028,-8.74026,13.6251,-0.21875,0.15625,0.445312,0.132812,-0.0078125,-0.015625,212,,,,0
2017/01/11,22:25:34,34,638,0.935425,-0.13623,-0.307251,-0.109436,-37.2028,-8.74026,13.6251,-0.203125,0.109375,0.554688,0.148438,0.015625,0.015625,212,,,,0
2017/01/11,22:25:34,34,689,0.96991,-0.157898,-0.172913,-0.0667114,-20.8846,-4.59216,17.6461,-0.15625,0.0546875,0.695312,0.164062,0.0234375,0.0390625,212,,,,0
2017/01/11,22:25:34,34,690,0.96991,-0.157898,-0.172913,-0.0667114,-20.8846,-4.59216,17.6461,-0.203125,-0.078125,0.84375,0.171875,0.03125,0.046875,214,,,,0
2017/01/11,22:25:34,34,708,0.979431,-0.199707,-0.0291748,0.00012207,-3.27341,0.68248,23.0689,-0.164062,-0.195312,0.992188,0.164062,0.0390625,0.0390625,215,,,,0
2017/01/11,22:25:34,34,739,0.979431,-0.199707,-0.0291748,0.00012207,-3.27341,0.68248,23.0689,-0.125,-0.367188,0.992188,0.171875,0.0390625,0.0234375,215,,,,0
2017/01/11,22:25:34,34,789,0.968079,-0.219971,0.0970459,0.0700684,12.634,5.46782,24.9974,-0.03125,-0.96875,0.992188,0.195312,0.0390625,0.0078125,214,,,,0
2017/01/11,22:25:34,34,790,0.968079,-0.219971,0.0970459,0.0700684,12.634,5.46782,24.9974,-0.109375,-1,0.9375,0.15625,0.0234375,0,211,,,,0
2017/01/11,22:25:34,34,838,0.951416,-0.21167,0.187561,0.121277,24.0942,9.54587,23.0436,0.03125,-1,0.484375,0.09375,0.0390625,-0.0390625,207,,,,0
2017/01/11,22:25:34,34,906,0.951416,-0.21167,0.187561,0.121277,24.0942,9.54587,23.0436,0.5,-1,0.289062,0.015625,0.046875,-0.0546875,202,,,,0
2017/01/11,22:25:34,34,923,0.956421,-0.17865,0.171082,0.154846,22.4935,14.7412,18.2134,0.34375,-1,0.359375,-0.0390625,0,-0.0234375,198,,,,0
2017/01/11,22:25:34,34,924,0.956421,-0.17865,0.171082,0.154846,22.4935,14.7412,18.2134,0.421875,-0.164062,0.734375,-0.078125,-0.03125,0.0078125,192,STEP,FRONT,HEEL,0.183143
2017/01/11,22:25:34,34,925,0.971741,-0.188843,0.0990601,0.101074,13.338,9.40639,20.8926,0.390625,0.125,0.421875,-0.101562,-0.148438,0.0390625,185,,,,0
2017/01/11,22:25:34,34,941,0.971741,-0.188843,0.0990601,0.101074,13.338,9.40639,20.8926,0.273438,-0.234375,0.992188,-0.171875,-0.0546875,0,180,,,,0
2017/01/11,22:25:34,34,955,0.979431,-0.201599,-0.00378418,-0.00402832,-0.517783,-0.364731,23.2602,-0.0078125,0.0078125,0.445312,-0.0390625,-0.03125,0,175,,,,0
2017/01/11,22:25:35,35,64,0.979431,-0.201599,-0.00378418,-0.00402832,-0.517783,-0.364731,23.2602,0.0078125,-0.0234375,0.507812,-0.0078125,-0.0078125,-0.0078125,173,,,,0
2017/01/11,22:25:35,35,65,0.979065,-0.202087,-0.012207,-0.0189819,-1.80941,-1.84834,23.2959,0,-0.015625,0.5,0,-0.0078125,0,171,,,,0
2017/01/11,22:25:35,35,90,0.979065,-0.202087,-0.012207,-0.0189819,-1.80941,-1.84834,23.2959,0.0078125,-0.0078125,0.492188,0,-0.0078125,0,170,,,,0
2017/01/11,22:25:35,35,91,0.979065,-0.202271,-0.0123291,-0.019043,-1.82493,-1.85197,23.3162,0.0078125,-0.0078125,0.492188,0,-0.0078125,0,169,,,,0
2017/01/11,22:25:35,35,156,0.979065,-0.202271,-0.0123291,-0.019043,-1.82493,-1.85197,23.3162,0.0078125,-0.0078125,0.492188,-0.0078125,-0.0078125,-0.0078125,167,,,,0
2017/01/11,22:25:35,35,157,0.979065,-0.202209,-0.0128784,-0.019165,-1.88929,-1.8531,23.3083,0.0078125,-0.0078125,0.492188,-0.0078125,-0.0078125,-0.0078125,167,,,,0
2017/01/11,22:25:35,35,158,0.979065,-0.202209,-0.0128784,-0.019165,-1.88929,-1.8531,23.3083,0.0078125,-0.015625,0.492188,-0.0078125,-0.0078125,-0.0078125,167,,,,0
2017/01/11,22:25:35,35,172,0.979065,-0.202026,-0.0139771,-0.0192261,-2.01363,-1.83499,23.286,0.0078125,-0.0078125,0.492188,-0.0078125,-0.0078125,-0.0078125,167,,,,0
2017/01/11,22:25:35,35,189,0.979065,-0.202026,-0.0139771,-0.0192261,-2.01363,-1.83499,23.286,0.0078125,-0.0078125,0.492188,-0.0078125,-0.0078125,-0.0078125,167,,,,0
2017/01/11,22:25:35,35,272,0.979126,-0.201721,-0.0147705,-0.019104,-2.09931,-1.80362,23.2495,0.0078125,-0.015625,0.492188,-0.0078125,-0.0078125,-0.0078125,167,,,,0
2017/01/11,22:25:35,35,273,0.979126,-0.201721,-0.0147705,-0.019104,-2.09931,-1.80362,23.2495,0.0078125,-0.015625,0.492188,-0.0078125,-0.0078125,-0.0078125,166,,,,0
2017/01/11,22:25:35,35,274,0.979187,-0.201294,-0.0153809,-0.0192871,-2.17124,-1.81108,23.1989,0.0078125,-0.0078125,0.492188,-0.0078125,-0.0078125,-0.0078125,167,,,,0
2017/01/11,22:25:35,35,289,0.979187,-0.201294,-0.0153809,-0.0192871,-2.17124,-1.81108,23.1989,0.0078125,-0.015625,0.492188,-0.0078125,-0.0078125,-0.0078125,167,,,,0
2017/01/11,22:25:35,35,323,0.97937,-0.2005,-0.0162354,-0.0193481,-2.26718,-1.80008,23.1043,0.0078125,-0.015625,0.492188,-0.0078125,-0.0078125,-0.0078125,167,,,,0
2017/01/11,22:25:35,35,338,0.97937,-0.2005,-0.0162354,-0.0193481,-2.26718,-1.80008,23.1043,0,-0.0078125,0.515625,-0.0078125,0,-0.0078125,167,,,,0
2017/01/11,22:25:35,35,405,0.979675,-0.198669,-0.0187988,-0.0184937,-2.53225,-1.65013,22.8908,0,-0.015625,0.609375,-0.0234375,0.0078125,-0.0078125,167,,,,0
2017/01/11,22:25:35,35,406,0.979675,-0.198669,-0.0187988,-0.0184937,-2.53225,-1.65013,22.8908,-0.015625,-0.046875,0.65625,-0.0625,0.015625,-0.0078125,167,,,,0
2017/01/11,22:25:35,35,407,0.979004,-0.196106,-0.0546875,-0.0101929,-6.37736,0.0859833,22.659,-0.0078125,-0.0390625,0.75,-0.09375,0.0234375,-0.0078125,167,,,,0
2017/01/11,22:25:35,35,439,0.979004,-0.196106,-0.0546875,-0.0101929,-6.37736,0.0859833,22.659,-0.0390625,-0.125,0.835938,-0.117188,0.015625,-0.0078125,167,,,,0
2017/01/11,22:25:35,35,473,0.97113,-0.191711,-0.141663,-0.00695801,-16.1298,2.43443,22.6794,-0.0390625,-0.117188,0.992188,-0.164062,0,-0.0078125,166,,,,0
2017/01/11,22:25:35,35,490,0.97113,-0.191711,-0.141663,-0.00695801,-16.1298,2.43443,22.6794,-0.15625,-0.164062,0.992188,-0.21875,-0.03125,-0.015625,166,,,,0
2017/01/11,22:25:35,35,523,0.939087,-0.185913,-0.285645,-0.0446167,-33.5786,1.54144,22.8614,-0.0078125,-0.117188,0.992188,-0.242188,-0.0390625,-0.015625,166,,,,0
2017/01/11,22:25:35,35,538,0.939087,-0.185913,-0.285645,-0.0446167,-33.5786,1.54144,22.8614,-0.453125,0.445312,0.992188,-0.25,-0.03125,-0.015625,164,,,,0
2017/01/11,22:25:35,35,588,0.870789,-0.173096,-0.449463,-0.0983887,-54.7693,-1.56496,21.6747,-0.445312,0.992188,0.828125,-0.257812,0.015625,-0.0390625,162,,,,0
2017/01/11,22:25:35,35,589,0.870789,-0.173096,-0.449463,-0.0983887,-54.7693,-1.56496,21.6747,-0.03125,0.882812,0.8125,0.03125,0.0078125,-0.0234375,160,,,,0
2017/01/11,22:25:35,35,606,0.855042,-0.143066,-0.488586,-0.0986328,-59.7398,-3.28412,17.1111,-0.164062,0.3125,0.296875,0.09375,-0.0390625,-0.015625,163,,,,0
2017/01/11,22:25:35,35,673,0.855042,-0.143066,-0.488586,-0.0986328,-59.7398,-3.28412,17.1111,-0.3125,0.3125,0.304688,0.09375,-0.015625,-0.03125,163,,,,0
2017/01/11,22:25:35,35,674,0.900818,-0.153259,-0.393677,-0.100403,-47.7346,-5.13676,17.037,-0.117188,0.242188,0.367188,0.109375,0.015625,-0.03125,164,,,,0
2017/01/11,22:25:35,35,706,0.900818,-0.153259,-0.393677,-0.100403,-47.7346,-5.13676,17.037,-0.117188,0.179688,0.4375,0.132812,0,-0.0078125,165,,,,0
2017/01/11,22:25:35,35,722,0.946289,-0.147949,-0.278687,-0.0708618,-33.2576,-3.54091,16.7144,-0.25,0.125,0.523438,0.15625,0,0.015625,166,,,,0
2017/01/11,22:25:35,35,772,0.946289,-0.147949,-0.278687,-0.0708618,-33.2576,-3.54091,16.7144,-0.226562,0.0546875,0.625,0.164062,0.0234375,0.03125,168,,,,0
2017/01/11,22:25:35,35,773,0.974854,-0.175964,-0.135742,-0.0167847,-15.6979,0.895508,20.5873,-0.164062,0,0.804688,0.171875,0.0390625,0.03125,171,,,,0
2017/01/11,22:25:35,35,789,0.974854,-0.175964,-0.135742,-0.0167847,-15.6979,0.895508,20.5873,-0.179688,-0.171875,0.984375,0.171875,0.0390625,0.03125,174,,,,0
2017/01/11,22:25:35,35,822,0.978027,-0.200928,0.00872803,0.0541992,2.22666,5.8886,23.1043,-0.21875,-0.414062,0.992188,0.164062,0.0390625,0.0234375,173,,,,0
2017/01/11,22:25:35,35,857,0.978027,-0.200928,0.00872803,0.0541992,2.22666,5.8886,23.1043,-0.0546875,-0.929688,0.992188,0.1875,0.046875,0.015625,172,,,,0
2017/01/11,22:25:35,35,858,0.962952,-0.205261,0.125549,0.121521,16.9587,10.9998,22.421,-0.09375,-1,0.945312,0.164062,0.03125,0,170,,,,0
2017/01/11,22:25:35,35,888,0.962952,-0.205261,0.125549,0.121521,16.9587,10.9998,22.421,0.125,-1,0.523438,0.09375,0.0546875,-0.0390625,168,,,,0
2017/01/11,22:25:35,35,941,0.951782,-0.179749,0.178467,0.172913,23.696,16.8225,17.8355,0.6875,-1,0.398438,0.0234375,0.0546875,-0.0625,165,,,,0
2017/01/11,22:25:35,35,942,0.951782,-0.179749,0.178467,0.172913,23.696,16.8225,17.8355,-0.164062,-1,-0.226562,-0.0546875,-0.046875,-0.0078125,163,STEP,FRONT,HEEL,0.212858
2017/01/11,22:25:35,35,989,0.967896,-0.158997,0.12738,0.146851,17.0544,14.7741,16.4299,-0.25,0.546875,0.992188,-0.109375,-0.21875,0.03125,160,,,,0
2017/01/11,22:25:35,35,990,0.967896,-0.158997,0.12738,0.146851,17.0544,14.7741,16.4299,0.375,-0.015625,0.945312,-0.148438,-0.046875,0.03125,151,,,,0
2017/01/11,22:25:36,36,22,0.981934,-0.183777,0.0421143,0.0134888,5.02927,0.633377,21.1736,-0.015625,-0.09375,0.992188,-0.09375,-0.0546875,-0.015625,139,,,,0
2017/01/11,22:25:36,36,38,0.981934,-0.183777,0.0421143,0.0134888,5.02927,0.633377,21.1736,0.015625,-0.0078125,0.476562,-0.0078125,-0.0078125,0,129,,,,0
2017/01/11,22:25:36,36,172,0.983337,-0.180908,0.00323486,-0.0151978,0.0494536,-1.78,20.8495,0.0078125,-0.015625,0.492188,-0.0078125,-0.0078125,0,119,,,,0
2017/01/11,22:25:36,36,173,0.983337,-0.180908,0.00323486,-0.0151978,0.0494536,-1.78,20.8495,0.0078125,-0.0078125,0.492188,0,-0.0078125,0,110,,,,0
2017/01/11,22:25:36,36,174,0.983337,-0.181091,0.0020752,-0.0158691,-0.0954716,-1.83154,20.8678,0.0078125,-0.0078125,0.492188,0,-0.0078125,-0.0078125,101,,,,0
2017/01/11,22:25:36,36,172,0.983337,-0.181091,0.0020752,-0.0158691,-0.0954716,-1.83154,20.8678,0.0078125,-0.0078125,0.492188,0,-0.0078125,0,91,,,,0
2017/01/11,22:25:36,36,173,0.983337,-0.181091,0.0012207,-0.0159912,-0.194291,-1.82758,20.8662,0.0078125,-0.0078125,0.492188,-0.0078125,-0.0078125,-0.0078125,83,,,,0
2017/01/11,22:25:36,36,189,0.983337,-0.181091,0.0012207,-0.0159912,-0.194291,-1.82758,20.8662,0.0078125,-0.0078125,0.492188,-0.0078125,-0.0078125,-0.0078125,79,,,,0
2017/01/11,22:25:36,36,205,0.983337,-0.180908,-0.000183105,-0.0161743,-0.355938,-1.8192,20.843,0.0078125,-0.0078125,0.492188,-0.0078125,-0.0078125,-0.0078125,77,,,,0
2017/01/11,22:25:36,36,239,0.983337,-0.180908,-0.000183105,-0.0161743,-0.355938,-1.8192,20.843,0.0078125,-0.0078125,0.492188,-0.0078125,-0.0078125,-0.0078125,77,,,,0
2017/01/11,22:25:36,36,289,0.983398,-0.180603,-0.00177002,-0.0163574,-0.537996,-1.80713,20.8046,0.0078125,-0.0078125,0.484375,-0.0078125,-0.0078125,-0.0078125,75,,,,0
2017/01/11,22:25:36,36,290,0.983398,-0.180603,-0.00177002,-0.0163574,-0.537996,-1.80713,20.8046,0.0078125,-0.0078125,0.484375,-0.0078125,-0.0078125,-0.0078125,75,,,,0
2017/01/11,22:25:36,36,322,0.983459,-0.180176,-0.00323486,-0.0166626,-0.708601,-1.81157,20.7524,0.0078125,-0.015625,0.484375,-0.0078125,-0.0078125,-0.0078125,75,,,,0
2017/01/11,22:25:36,36,355,0.983459,-0.180176,-0.00323486,-0.0166626,-0.708601,-1.81157,20.7524,0.0078125,-0.015625,0.492188,-0.0078125,-0.0078125,-0.0078125,74,,,,0
2017/01/11,22:25:36,36,356,0.983582,-0.179565,-0.00524902,-0.0169678,-0.940801,-1.80499,20.6775,0.0078125,-0.0078125,0.492188,-0.0078125,-0.0078125,-0.0078125,74,,,,0
2017/01/11,22:25:36,36,385,0.983582,-0.179565,-0.00524902,-0.0169678,-0.940801,-1.80499,20.6775,0,-0.0078125,0.492188,-0.0078125,0,-0.0078125,74,,,,0
2017/01/11,22:25:36,36,485,0.983948,-0.177368,-0.00946045,-0.0169067,-1.41046,-1.71478,20.4159,0.015625,-0.0234375,0.5625,-0.015625,0,-0.0078125,74,,,,0
2017/01/11,22:25:36,36,486,0.983948,-0.177368,-0.00946045,-0.0169067,-1.41046,-1.71478,20.4159,0.03125,-0.0390625,0.617188,-0.046875,0.015625,-0.0078125,74,,,,0
2017/01/11,22:25:36,36,487,0.984009,-0.174133,-0.034668,-0.0131836,-4.17589,-0.796967,20.0416,-0.0078125,-0.0390625,0.679688,-0.0703125,0.03125,0,74,,,,0
2017/01/11,22:25:36,36,539,0.984009,-0.174133,-0.034668,-0.0131836,-4.17589,-0.796967,20.0416,-0.046875,-0.078125,0.796875,-0.09375,0.0078125,-0.0078125,75,,,,0
2017/01/11,22:25:36,36,540,0.97937,-0.172241,-0.105103,-0.00537109,-11.9887,1.50479,20.1072,-0.0234375,-0.101562,0.953125,-0.140625,-0.0078125,-0.0078125,76,,,,0
2017/01/11,22:25:36,36,541,0.97937,-0.172241,-0.105103,-0.00537109,-11.9887,1.50479,20.1072,-0.046875,-0.109375,0.992188,-0.203125,-0.0234375,-0.0078125,76,,,,0
2017/01/11,22:25:36,36,588,0.956299,-0.167603,-0.236023,-0.039917,-27.6971,0.179321,19.9258,-0.109375,-0.148438,0.992188,-0.242188,-0.046875,-0.015625,75,,,,0
2017/01/11,22:25:36,36,589,0.956299,-0.167603,-0.236023,-0.039917,-27.6971,0.179321,19.9258,-0.367188,0.164062,0.992188,-0.25,-0.046875,-0.0234375,73,,,,0
2017/01/11,22:25:36,36,622,0.894165,-0.155396,-0.407104,-0.102966,-49.4676,-5.08591,17.3737,-0.460938,0.914062,0.9375,-0.289062,-0.015625,-0.0390625,69,,,,0
2017/01/11,22:25:36,36,638,0.894165,-0.155396,-0.407104,-0.102966,-49.4676,-5.08591,17.3737,-0.351562,0.992188,0.992188,-0.0625,0,-0.0390625,65,,,,0
2017/01/11,22:25:36,36,672,0.854614,-0.124756,-0.48938,-0.120667,-60.0624,-9.70709,10.9901,-0.203125,0.421875,0.40625,0.101562,-0.0234375,-0.015625,60,,,,0
2017/01/11,22:25:36,36,705,0.854614,-0.124756,-0.48938,-0.120667,-60.0624,-9.70709,10.9901,-0.375,0.335938,0.289062,0.0859375,-0.0078125,-0.03125,54,,,,0
2017/01/11,22:25:36,36,739,0.902405,-0.12616,-0.395996,-0.113342,-48.0129,-9.00139,11.9011,-0.132812,0.289062,0.398438,0.101562,0.0390625,-0.0390625,47,,,,0
2017/01/11,22:25:36,36,740,0.902405,-0.12616,-0.395996,-0.113342,-48.0129,-9.00139,11.9011,-0.03125,0.210938,0.476562,0.132812,0.0234375,-0.0078125,40,,,,0
2017/01/11,22:25:36,36,755,0.949768,-0.11084,-0.28418,-0.0701294,-33.7352,-4.84334,11.8436,-0.226562,0.117188,0.546875,0.15625,0.0078125,0.03125,35,,,,0
2017/01/11,22:25:36,36,789,0.949768,-0.11084,-0.28418,-0.0701294,-33.7352,-4.84334,11.8436,-0.203125,0.0546875,0.648438,0.164062,0.0390625,0.046875,30,,,,0
2017/01/11,22:25:36,36,805,0.979126,-0.148682,-0.138184,-0.010498,-15.8858,1.22325,17.4396,-0.109375,-0.0078125,0.8125,0.171875,0.046875,0.046875,19,,,,0
2017/01/11,22:25:36,36,840,0.979126,-0.148682,-0.138184,-0.010498,-15.8858,1.22325,17.4396,-0.125,-0.148438,0.984375,0.179688,0.046875,0.0390625,175,,,,0
2017/01/11,22:25:36,36,871,0.980835,-0.184265,0.00964355,0.062439,2.40301,6.83655,21.1362,-0.132812,-0.375,0.992188,0.171875,0.046875,0.0234375,195,,,,0
2017/01/11,22:25:36,36,905,0.980835,-0.184265,0.00964355,0.062439,2.40301,6.83655,21.1362,-0.0546875,-0.945312,0.992188,0.195312,0.046875,0.0078125,124,,,,0
2017/01/11,22:25:36,36,922,0.965088,-0.184082,0.13562,0.127563,17.983,11.9105,19.7065,-0.1875,-1,0.953125,0.171875,0.03125,0,145,,,,0
2017/01/11,22:25:36,36,939,0.965088,-0.184082,0.13562,0.127563,17.983,11.9105,19.7065,-0.148438,-1,0.554688,0.0859375,0.0625,-0.03125,165,,,,0
2017/01/11,22:25:36,36,955,0.951111,-0.160278,0.189209,0.183838,24.7619,18.5635,15.0212,0.835938,-1,0.453125,0.015625,0.109375,-0.0625,187,,,,0
2017/01/11,22:25:37,37,22,0.951111,-0.160278,0.189209,0.183838,24.7619,18.5635,15.0212,0.71875,-1,0.398438,-0.03125,0,-0.03125,208,,,,0
2017/01/11,22:25:37,37,23,0.960083,-0.136841,0.135986,0.202209,18.4488,21.7238,12.6533,-0.132812,-0.0078125,0.367188,-0.09375,-0.078125,0.015625,191,STEP,FRONT,HEEL,0.229341
2017/01/11,22:25:37,37,39,0.960083,-0.136841,0.135986,0.202209,18.4488,21.7238,12.6533,0.179688,0.0078125,0.789062,-0.078125,-0.210938,0.0625,188,,,,0
2017/01/11,22:25:37,37,88,0.979614,-0.17218,0.0848389,0.0582886,10.7364,4.96286,19.4706,0.398438,-0.109375,0.992188,-0.148438,-0.0625,0.0234375,186,,,,0
2017/01/11,22:25:37,37,155,0.979614,-0.17218,0.0848389,0.0582886,10.7364,4.96286,19.4706,-0.015625,-0.0703125,0.546875,-0.0546875,-0.0546875,-0.0078125,184,,,,0
2017/01/11,22:25:37,37,156,0.983276,-0.181335,0.00622559,-0.015625,0.376792,-1.8903,20.9043,0.0078125,-0.015625,0.492188,-0.0078125,-0.0078125,0,180,,,,0
2017/01/11,22:25:37,37,171,0.983276,-0.181335,0.00622559,-0.015625,0.376792,-1.8903,20.9043,0.0078125,-0.015625,0.492188,-0.0078125,-0.0078125,0,179,,,,0
2017/01/11,22:25:37,37,172,0.983154,-0.181519,0.0022583,-0.0192261,-0.145489,-2.21376,20.9185,0.0078125,-0.0078125,0.492188,-0.0078125,-0.0078125,0,177,,,,0
2017/01/11,22:25:37,37,189,0.983154,-0.181519,0.0022583,-0.0192261,-0.145489,-2.21376,20.9185,0.0078125,-0.0078125,0.492188,-0.0078125,-0.0078125,-0.0078125,174,,,,0
2017/01/11,22:25:37,37,205,0.983154,-0.181519,0.0012207,-0.0195312,-0.268735,-2.22655,20.9161,0.0078125,-0.0078125,0.492188,-0.0078125,-0.0078125,0,171,,,,0
2017/01/11,22:25:37,37,238,0.983154,-0.181519,0.0012207,-0.0195312,-0.268735,-2.22655,20.9161,0.0078125,-0.0078125,0.492188,-0.0078125,-0.0078125,-0.0078125,169,,,,0
2017/01/11,22:25:37,37,255,0.983215,-0.181458,-0.000244141,-0.0195923,-0.434903,-2.20291,20.9048,0.0078125,-0.015625,0.492188,-0.0078125,-0.0078125,-0.0078125,168,,,,0
2017/01/11,22:25:37,37,306,0.983215,-0.181458,-0.000244141,-0.0195923,-0.434903,-2.20291,20.9048,0.0078125,-0.0078125,0.492188,-0.0078125,-0.0078125,-0.0078125,168,,,,0
2017/01/11,22:25:37,37,322,0.983215,-0.181152,-0.00201416,-0.0195312,-0.632385,-2.15956,20.8668,0.0078125,-0.0078125,0.492188,-0.0078125,-0.0078125,-0.0078125,168,,,,0
2017/01/11,22:25:37,37,356,0.983215,-0.181152,-0.00201416,-0.0195312,-0.632385,-2.15956,20.8668,0.0078125,-0.015625,0.492188,-0.0078125,-0.0078125,-0.0078125,168,,,,0
2017/01/11,22:25:37,37,372,0.983276,-0.180847,-0.003479,-0.0196533,-0.79931,-2.14319,20.8281,0.0078125,-0.0078125,0.492188,-0.0078125,-0.0078125,-0.0078125,168,,,,0
2017/01/11,22:25:37,37,422,0.983276,-0.180847,-0.003479,-0.0196533,-0.79931,-2.14319,20.8281,0.0078125,-0.015625,0.492188,-0.0078125,-0.0078125,-0.0078125,168,,,,0
2017/01/11,22:25:37,37,423,0.983398,-0.180298,-0.00457764,-0.0200195,-0.929507,-2.1622,20.7611,0.0078125,-0.0078125,0.492188,-0.0078125,-0.0078125,-0.0078125,168,,,,0
2017/01/11,22:25:37,37,439,0.983398,-0.180298,-0.00457764,-0.0200195,-0.929507,-2.1622,20.7611,0,-0.0078125,0.5,-0.0078125,-0.0078125,-0.0078125,168,,,,0
2017/01/11,22:25:37,37,473,0.983582,-0.17926,-0.00604248,-0.0198975,-1.08984,-2.11938,20.6377,0,-0.0078125,0.492188,-0.0078125,0,-0.0078125,168,,,,0
2017/01/11,22:25:37,37,572,0.983582,-0.17926,-0.00604248,-0.0198975,-1.08984,-2.11938,20.6377,0.015625,-0.015625,0.601562,-0.0234375,0,-0.0078125,168,,,,0
2017/01/11,22:25:37,37,573,0.984009,-0.176575,-0.0153809,-0.0175171,-2.08924,-1.66534,20.3159,-0.015625,-0.03125,0.65625,-0.0546875,0.0234375,0,168,,,,0
2017/01/11,22:25:37,37,574,0.984009,-0.176575,-0.0153809,-0.0175171,-2.08924,-1.66534,20.3159,-0.015625,-0.0703125,0.734375,-0.0859375,0.015625,-0.0078125,168,,,,0
2017/01/11,22:25:37,37,590,0.981628,-0.174377,-0.0766602,-0.00744629,-8.80665,0.702576,20.2001,0,-0.101562,0.828125,-0.117188,0.0078125,-0.0078125,168,,,,0
2017/01/11,22:25:37,37,591,0.981628,-0.174377,-0.0766602,-0.00744629,-8.80665,0.702576,20.2001,-0.03125,-0.078125,0.992188,-0.164062,-0.0078125,-0.0078125,169,,,,0
2017/01/11,22:25:37,37,638,0.966736,-0.170654,-0.188843,-0.0239868,-21.9198,1.11653,20.2384,-0.09375,-0.101562,0.992188,-0.21875,-0.03125,-0.0078125,170,,,,0
2017/01/11,22:25:37,37,639,0.966736,-0.170654,-0.188843,-0.0239868,-21.9198,1.11653,20.2384,-0.0859375,-0.09375,0.992188,-0.242188,-0.0390625,-0.015625,171,,,,0
2017/01/11,22:25:37,37,673,0.917053,-0.161438,-0.356018,-0.0783691,-42.7093,-2.24551,19.09,-0.382812,0.390625,0.992188,-0.242188,-0.0234375,-0.0234375,173,,,,0
2017/01/11,22:25:37,37,690,0.917053,-0.161438,-0.356018,-0.0783691,-42.7093,-2.24551,19.09,-0.507812,0.945312,0.828125,-0.265625,0,-0.046875,175,,,,0
2017/01/11,22:25:37,37,735,0.844971,-0.130493,-0.507446,-0.1073,-62.3203,-6.04131,13.9032,-0.15625,0.9375,0.828125,0.03125,0.015625,-0.0234375,180,,,,0
2017/01/11,22:25:37,37,736,0.844971,-0.130493,-0.507446,-0.1073,-62.3203,-6.04131,13.9032,-0.148438,0.304688,0.28125,0.109375,-0.015625,-0.015625,186,,,,0
2017/01/11,22:25:37,37,773,0.892273,-0.126648,-0.423584,-0.0917969,-51.1834,-5.17307,13.6783,-0.273438,0.273438,0.296875,0.09375,-0.0078125,-0.03125,190,,,,0
2017/01/11,22:25:37,37,805,0.892273,-0.126648,-0.423584,-0.0917969,-51.1834,-5.17307,13.6783,-0.078125,0.226562,0.367188,0.109375,0.03125,-0.03125,193,,,,0
2017/01/11,22:25:37,37,806,0.936401,-0.109741,-0.326355,-0.067688,-38.7597,-4.05482,11.9417,-0.09375,0.171875,0.4375,0.117188,0.015625,-0.0078125,196,,,,0
2017/01/11,22:25:37,37,839,0.936401,-0.109741,-0.326355,-0.067688,-38.7597,-4.05482,11.9417,-0.226562,0.132812,0.539062,0.140625,0.0078125,0.015625,199,,,,0
2017/01/11,22:25:37,37,855,0.971313,-0.119873,-0.202759,-0.0323486,-23.6808,-0.890396,13.8843,-0.195312,0.0859375,0.664062,0.15625,0.03125,0.03125,202,,,,0
2017/01/11,22:25:37,37,891,0.971313,-0.119873,-0.202759,-0.0323486,-23.6808,-0.890396,13.8843,-0.132812,0.015625,0.84375,0.171875,0.0390625,0.0390625,204,,,,0
2017/01/11,22:25:37,37,922,0.986145,-0.152466,-0.0560303,0.0336914,-5.75267,4.81607,17.8197,-0.15625,-0.171875,0.992188,0.171875,0.0390625,0.0390625,204,,,,0
2017/01/11,22:25:37,37,941,0.986145,-0.152466,-0.0560303,0.0336914,-5.75267,4.81607,17.8197,-0.164062,-0.484375,0.992188,0.171875,0.0390625,0.03125,204,,,,0
2017/01/11,22:25:37,37,955,0.976685,-0.174561,0.0791016,0.0967407,10.8529,9.45616,19.3664,-0.0546875,-1,0.992188,0.1875,0.0390625,0.015625,207,,,,0
2017/01/11,22:25:37,37,989,0.976685,-0.174561,0.0791016,0.0967407,10.8529,9.45616,19.3664,-0.203125,-1,0.898438,0.15625,0.0234375,0,208,,,,0
2017/01/11,22:25:38,38,24,0.959534,-0.167358,0.175415,0.142822,22.6089,13.4933,17.0779,-0.015625,-1,0.476562,0.078125,0.0625,-0.0390625,210,,,,0
2017/01/11,22:25:38,38,39,0.959534,-0.167358,0.175415,0.142822,22.6089,13.4933,17.0779,0.765625,-1,0.414062,0.0078125,0.0859375,-0.0546875,211,,,,0
2017/01/11,22:25:38,38,74,0.957092,-0.133423,0.159607,0.201416,21.055,21.5644,11.818,0.585938,-1,0.398438,-0.0390625,-0.0078125,-0.0234375,212,,,,0
2017/01/11,22:25:38,38,89,0.957092,-0.133423,0.159607,0.201416,21.055,21.5644,11.818,-0.367188,0.859375,0.492188,-0.09375,-0.179688,0.0546875,212,KICK,,MIDDLE,0.302958
2017/01/11,22:25:38,38,193,0.978271,-0.150146,0.10376,0.0981445,13.4433,9.52077,16.3268,0.59375,0,0.992188,-0.140625,-0.140625,0.0390625,212,,,,0
2017/01/11,22:25:38,38,203,0.978271,-0.150146,0.10376,0.0981445,13.4433,9.52077,16.3268,-0.0703125,-0.0625,0.773438,-0.117188,-0.0546875,-0.015625,212,,,,0
2017/01/11,22:25:38,38,204,0.98645,-0.16333,0.00921631,-0.0107422,0.840778,-1.38713,18.8129,0.0234375,-0.03125,0.546875,-0.015625,-0.0234375,0,212,,,,0
2017/01/11,22:25:38,38,205,0.98645,-0.16333,0.00921631,-0.0107422,0.840778,-1.38713,18.8129,0.0078125,-0.015625,0.5,-0.0078125,-0.0078125,0,212,,,,0
2017/01/11,22:25:38,38,203,0.986389,-0.163086,0.00250244,-0.020813,-0.106103,-2.39999,18.7741,0.0078125,-0.0078125,0.492188,0,-0.0078125,0,212,,,,0
2017/01/11,22:25:38,38,221,0.986389,-0.163086,0.00250244,-0.020813,-0.106103,-2.39999,18.7741,0.0078125,-0.0078125,0.492188,-0.0078125,-0.0078125,-0.0078125,212,,,,0
2017/01/11,22:25:38,38,254,0.986328,-0.163147,0.00152588,-0.0211182,-0.222348,-2.41637,18.7796,0.0078125,-0.0078125,0.492188,-0.0078125,-0.0078125,0,212,,,,0
2017/01/11,22:25:38,38,289,0.986328,-0.163147,0.00152588,-0.0211182,-0.222348,-2.41637,18.7796,0.0078125,-0.0078125,0.492188,-0.0078125,-0.0078125,-0.0078125,212,,,,0
2017/01/11,22:25:38,38,305,0.986328,-0.163086,0.000366211,-0.0212402,-0.355555,-2.40854,18.7699,0.0078125,-0.0078125,0.492188,-0.0078125,-0.0078125,-0.0078125,212,,,,0
2017/01/11,22:25:38,38,339,0.986328,-0.163086,0.000366211,-0.0212402,-0.355555,-2.40854,18.7699,0.0078125,-0.0078125,0.492188,-0.0078125,-0.0078125,-0.0078125,212,,,,0
2017/01/11,22:25:38,38,389,0.986389,-0.162964,-0.0010376,-0.0211792,-0.512795,-2.3754,18.7518,0.0078125,-0.0078125,0.492188,-0.0078125,-0.0078125,-0.0078125,212,,,,0
2017/01/11,22:25:38,38,405,0.986389,-0.162964,-0.0010376,-0.0211792,-0.512795,-2.3754,18.7518,0.0078125,-0.015625,0.492188,-0.0078125,-0.0078125,-0.0078125,212,,,,0
2017/01/11,22:25:38,38,406,0.986389,-0.16272,-0.0022583,-0.0213013,-0.652464,-2.36668,18.7214,0.0078125,-0.0078125,0.492188,-0.0078125,-0.0078125,-0.0078125,212,,,,0
2017/01/11,22:25:38,38,439,0.986389,-0.16272,-0.0022583,-0.0213013,-0.652464,-2.36668,18.7214,0.0078125,-0.0078125,0.492188,-0.0078125,-0.0078125,-0.0078125,212,,,,0
2017/01/11,22:25:38,38,504,0.98645,-0.162415,-0.0032959,-0.0214233,-0.771305,-2.36137,18.6833,0.0078125,-0.0078125,0.492188,-0.0078125,-0.0078125,-0.0078125,212,,,,0
2017/01/11,22:25:38,38,505,0.98645,-0.162415,-0.0032959,-0.0214233,-0.771305,-2.36137,18.6833,0.0078125,-0.015625,0.492188,-0.0078125,-0.0078125,-0.0078125,212,,,,0
2017/01/11,22:25:38,38,522,0.986511,-0.161865,-0.00457764,-0.0216675,-0.919419,-2.36574,18.617,0.0078125,-0.0078125,0.492188,-0.0078125,-0.0078125,-0.0078125,212,,,,0
2017/01/11,22:25:38,38,556,0.986511,-0.161865,-0.00457764,-0.0216675,-0.919419,-2.36574,18.617,-0.0078125,-0.0078125,0.523438,-0.0078125,0,-0.0078125,212,,,,0
2017/01/11,22:25:38,38,557,0.986877,-0.159912,-0.00646973,-0.0206299,-1.10975,-2.21547,18.3868,0.015625,-0.015625,0.632812,-0.0234375,0.0078125,-0.0078125,212,,,,0
2017/01/11,22:25:38,38,589,0.986877,-0.159912,-0.00646973,-0.0206299,-1.10975,-2.21547,18.3868,-0.0078125,-0.0390625,0.640625,-0.0546875,0.0234375,0,212,,,,0
2017/01/11,22:25:38,38,639,0.986633,-0.157471,-0.0401001,-0.0090332,-4.70199,-0.298721,18.124,-0.0234375,-0.0546875,0.726562,-0.0859375,0.015625,-0.0078125,212,,,,0
2017/01/11,22:25:38,38,640,0.986633,-0.157471,-0.0401001,-0.0090332,-4.70199,-0.298721,18.124,-0.0078125,-0.078125,0.84375,-0.117188,0.0078125,-0.0078125,212,,,,0
2017/01/11,22:25:38,38,672,0.980286,-0.154602,-0.122559,-0.00891113,-14.066,1.20656,18.0736,-0.0546875,-0.109375,0.984375,-0.164062,-0.0078125,-0.0078125,212,,,,0
2017/01/11,22:25:38,38,705,0.980286,-0.154602,-0.122559,-0.00891113,-14.066,1.20656,18.0736,-0.164062,-0.171875,0.992188,-0.226562,-0.03125,-0.0078125,212,,,,0
2017/01/11,22:25:38,38,722,0.949097,-0.151245,-0.272522,-0.0455933,-32.0792,-0.277893,18.0288,0.03125,-0.171875,0.992188,-0.242188,-0.0390625,-0.015625,212,,,,0
2017/01/11,22:25:38,38,740,0.949097,-0.151245,-0.272522,-0.0455933,-32.0792,-0.277893,18.0288,-0.445312,0.398438,0.992188,-0.242188,-0.0234375,-0.0234375,212,,,,0
2017/01/11,22:25:38,38,789,0.883362,-0.138733,-0.437866,-0.0931396,-53.0759,-4.11044,15.7974,-0.484375,0.976562,0.804688,-0.257812,-0.0078125,-0.046875,212,,,,0
2017/01/11,22:25:38,38,790,0.883362,-0.138733,-0.437866,-0.0931396,-53.0759,-4.11044,15.7974,-0.164062,0.890625,0.804688,0.0234375,0.0078125,-0.046875,212,,,,0
2017/01/11,22:25:38,38,821,0.866089,-0.104736,-0.478027,-0.101929,-58.1443,-8.32655,9.15561,-0.195312,0.296875,0.28125,0.0859375,-0.03125,-0.0390625,212,,,,0
2017/01/11,22:25:38,38,856,0.866089,-0.104736,-0.478027,-0.101929,-58.1443,-8.32655,9.15561,-0.328125,0.320312,0.28125,0.078125,-0.0078125,-0.046875,214,,,,0
2017/01/11,22:25:38,38,857,0.909424,-0.092041,-0.391113,-0.107483,-46.9838,-10.4286,7.01562,-0.117188,0.25,0.34375,0.101562,0.03125,-0.0390625,214,,,,0
2017/01/11,22:25:38,38,888,0.909424,-0.092041,-0.391113,-0.107483,-46.9838,-10.4286,7.01562,-0.132812,0.1875,0.414062,0.125,0.015625,0,214,,,,0
2017/01/11,22:25:38,38,922,0.952698,-0.081543,-0.282654,-0.0760498,-33.4336,-6.8002,7.73962,-0.25,0.132812,0.507812,0.148438,0.015625,0.03125,212,,,,0
2017/01/11,22:25:38,38,956,0.952698,-0.081543,-0.282654,-0.0760498,-33.4336,-6.8002,7.73962,-0.210938,0.0703125,0.625,0.164062,0.0390625,0.0546875,212,,,,0
2017/01/11,22:25:38,38,990,0.981995,-0.12323,-0.141907,-0.0169067,-16.4316,0.105728,14.3205,-0.164062,0.0078125,0.8125,0.171875,0.0390625,0.0546875,212,,,,0
2017/01/11,22:25:39,39,7,0.981995,-0.12323,-0.141907,-0.0169067,-16.4316,0.105728,14.3205,-0.1875,-0.1875,0.992188,0.179688,0.0390625,0.046875,210,,,,0
2017/01/11,22:25:39,39,8,0.98468,-0.165344,0.00915527,0.0537109,2.05115,5.90184,18.9582,-0.164062,-0.484375,0.992188,0.171875,0.0546875,0.015625,207,,,,0
2017/01/11,22:25:39,39,72,0.98468,-0.165344,0.00915527,0.0537109,2.05115,5.90184,18.9582,0.015625,-0.9375,0.992188,0.179688,0.0625,-0.015625,204,,,,0
2017/01/11,22:25:39,39,73,0.972107,-0.154297,0.124084,0.12561,16.2608,12.3867,16.2616,-0.0078125,-1,0.929688,0.164062,0.0390625,-0.0234375,202,,,,0
2017/01/11,22:25:39,39,89,0.972107,-0.154297,0.124084,0.12561,16.2608,12.3867,16.2616,0.328125,-1,0.578125,0.0859375,0.0703125,-0.046875,200,,,,0
2017/01/11,22:25:39,39,138,0.960571,-0.115417,0.176819,0.180542,22.4185,19.3354,9.83547,0.765625,-1,0.421875,0.0234375,0.046875,-0.0390625,199,,,,0
2017/01/11,22:25:39,39,253,0.960571,-0.115417,0.176819,0.180542,22.4185,19.3354,9.83547,-0.210938,-1,0.679688,-0.0390625,-0.0234375,-0.0078125,198,STEP,FRONT,HEEL,0.18953
2017/01/11,22:25:39,39,254,0.97345,-0.104187,0.127991,0.158447,16.3916,17.0836,9.73941,0.179688,0.570312,0.976562,-0.0859375,-0.226562,0.0546875,196,,,,0
2017/01/11,22:25:39,39,255,0.97345,-0.104187,0.127991,0.158447,16.3916,17.0836,9.73941,0.367188,-0.0234375,0.796875,-0.140625,-0.0703125,0.03125,196,,,,0
2017/01/11,22:25:39,39,253,0.988647,-0.138062,0.0570068,0.0144653,6.70247,0.742035,15.8561,-0.101562,-0.0390625,0.671875,-0.09375,-0.03125,-0.0078125,194,,,,0
2017/01/11,22:25:39,39,254,0.988647,-0.138062,0.0570068,0.0144653,6.70247,0.742035,15.8561,0,-0.0625,0.523438,-0.03125,-0.03125,0,193,,,,0
2017/01/11,22:25:39,39,255,0.990173,-0.138611,0.00280762,-0.0157471,0.068447,-1.83182,15.9388,0.0078125,-0.015625,0.5,-0.0078125,-0.0078125,0,191,,,,0
2017/01/11,22:25:39,39,306,0.990173,-0.138611,0.00280762,-0.0157471,0.068447,-1.83182,15.9388,0.0078125,-0.0078125,0.5,0,-0.0078125,0,188,,,,0
2017/01/11,22:25:39,39,307,0.990112,-0.139038,0.00146484,-0.0169678,-0.104142,-1.94896,15.9854,0.0078125,-0.015625,0.492188,-0.0078125,-0.0078125,0,187,,,,0
2017/01/11,22:25:39,39,406,0.990112,-0.139038,0.00146484,-0.0169678,-0.104142,-1.94896,15.9854,0.0078125,-0.0078125,0.492188,0,-0.0078125,0,185,,,,0
2017/01/11,22:25:39,39,423,0.990112,-0.139099,0.000427246,-0.0172119,-0.225877,-1.96011,15.9902,0.0078125,-0.015625,0.492188,-0.0078125,-0.0078125,-0.0078125,184,,,,0
2017/01/11,22:25:39,39,424,0.990112,-0.139099,0.000427246,-0.0172119,-0.225877,-1.96011,15.9902,0.0078125,-0.015625,0.492188,-0.0078125,-0.0078125,-0.0078125,183,,,,0
2017/01/11,22:25:39,39,425,0.990112,-0.138977,-0.0010376,-0.017395,-0.394753,-1.95764,15.9735,0.0078125,-0.015625,0.492188,-0.0078125,-0.0078125,-0.0078125,184,,,,0
2017/01/11,22:25:39,39,472,0.990112,-0.138977,-0.0010376,-0.017395,-0.394753,-1.95764,15.9735,0.0078125,-0.015625,0.492188,-0.0078125,-0.0078125,-0.0078125,184,,,,0
2017/01/11,22:25:39,39,473,0.990112,-0.138794,-0.00244141,-0.017395,-0.553668,-1.93546,15.9501,0.0078125,-0.015625,0.492188,-0.0078125,-0.0078125,-0.0078125,184,,,,0
2017/01/11,22:25:39,39,505,0.990112,-0.138794,-0.00244141,-0.017395,-0.553668,-1.93546,15.9501,0.0078125,-0.015625,0.492188,-0.0078125,-0.0078125,-0.0078125,185,,,,0
2017/01/11,22:25:39,39,522,0.990173,-0.138489,-0.00372314,-0.017395,-0.698519,-1.91527,15.9122,0.0078125,-0.015625,0.492188,-0.0078125,-0.0078125,-0.0078125,185,,,,0
2017/01/11,22:25:39,39,538,0.990173,-0.138489,-0.00372314,-0.017395,-0.698519,-1.91527,15.9122,0.0078125,-0.015625,0.492188,-0.0078125,-0.0078125,-0.0078125,185,,,,0
2017/01/11,22:25:39,39,572,0.990234,-0.138,-0.00488281,-0.0177002,-0.834,-1.93195,15.8534,0.0078125,-0.015625,0.492188,-0.0078125,-0.0078125,-0.0078125,184,,,,0
2017/01/11,22:25:39,39,605,0.990234,-0.138,-0.00488281,-0.0177002,-0.834,-1.93195,15.8534,0.0078125,-0.015625,0.5,-0.0078125,-0.0078125,-0.0078125,184,,,,0
2017/01/11,22:25:39,39,623,0.990295,-0.137329,-0.00646973,-0.0180054,-1.01758,-1.94228,15.773,0.0078125,-0.015625,0.5,-0.0078125,-0.0078125,-0.0078125,184,,,,0
2017/01/11,22:25:39,39,655,0.990295,-0.137329,-0.00646973,-0.0180054,-1.01758,-1.94228,15.773,0.0078125,-0.015625,0.5625,-0.0078125,0,-0.0078125,184,,,,0
2017/01/11,22:25:39,39,671,0.99054,-0.135864,-0.0109253,-0.0153198,-1.47878,-1.56958,15.5999,0.015625,-0.0234375,0.632812,-0.0390625,0.015625,-0.0078125,185,,,,0
2017/01/11,22:25:39,39,705,0.99054,-0.135864,-0.0109253,-0.0153198,-1.47878,-1.56958,15.5999,0,-0.0546875,0.664062,-0.078125,0.0234375,0,185,,,,0
2017/01/11,22:25:39,39,722,0.989075,-0.134705,-0.0597534,0.000549316,-6.77976,0.991623,15.5698,-0.0234375,-0.0546875,0.789062,-0.101562,0.0234375,-0.0078125,186,,,,0
2017/01/11,22:25:39,39,756,0.989075,-0.134705,-0.0597534,0.000549316,-6.77976,0.991623,15.5698,-0.046875,-0.101562,0.921875,-0.132812,0.0078125,0,186,,,,0
2017/01/11,22:25:39,39,774,0.97876,-0.133911,-0.155029,0.00341797,-17.6113,2.89952,16.0306,-0.0546875,-0.140625,0.992188,-0.1875,-0.0078125,-0.0078125,188,,,,0
2017/01/11,22:25:39,39,788,0.97876,-0.133911,-0.155029,0.00341797,-17.6113,2.89952,16.0306,-0.109375,-0.257812,0.992188,-0.234375,-0.03125,-0.0078125,191,,,,0
2017/01/11,22:25:39,39,823,0.938965,-0.132324,-0.315857,-0.0314331,-36.9757,1.76205,16.6325,-0.101562,0.03125,0.992188,-0.234375,-0.046875,-0.0078125,199,,,,0
2017/01/11,22:25:39,39,839,0.938965,-0.132324,-0.315857,-0.0314331,-36.9757,1.76205,16.6325,-0.25,0.773438,0.945312,-0.257812,-0.03125,-0.015625,209,,,,0
2017/01/11,22:25:39,39,872,0.867798,-0.130249,-0.4729,-0.0794678,-57.2952,-1.56271,16.218,-0.375,0.992188,0.992188,-0.078125,-0.03125,-0.0390625,222,,,,0
2017/01/11,22:25:39,39,905,0.867798,-0.130249,-0.4729,-0.0794678,-57.2952,-1.56271,16.218,-0.179688,0.570312,0.484375,0.0703125,-0.0078125,-0.046875,237,,,,0
2017/01/11,22:25:39,39,906,0.876465,-0.115784,-0.457397,-0.0956421,-55.4805,-6.25514,11.7585,-0.164062,0.25,0.203125,0.0703125,-0.015625,-0.0546875,249,,,,0
2017/01/11,22:25:39,39,939,0.876465,-0.115784,-0.457397,-0.0956421,-55.4805,-6.25514,11.7585,-0.21875,0.296875,0.34375,0.078125,0,-0.0625,262,,,,0
2017/01/11,22:25:39,39,991,0.91626,-0.0844116,-0.378113,-0.101562,-45.2386,-10.0017,6.35083,-0.109375,0.21875,0.398438,0.117188,0.0078125,-0.03125,275,,,,0
2017/01/11,22:25:39,39,992,0.91626,-0.0844116,-0.378113,-0.101562,-45.2386,-10.0017,6.35083,-0.25,0.0859375,0.40625,0.140625,-0.0078125,0.0078125,285,,,,0
2017/01/11,22:25:40,40,22,0.958862,-0.0895996,-0.255859,-0.0838623,-30.3776,-7.65929,8.59447,-0.335938,0.03125,0.484375,0.140625,0.015625,0.0390625,291,,,,0
2017/01/11,22:25:40,40,73,0.958862,-0.0895996,-0.255859,-0.0838623,-30.3776,-7.65929,8.59447,-0.226562,0.015625,0.640625,0.148438,0.0390625,0.046875,294,,,,0
2017/01/11,22:25:40,40,74,0.982422,-0.133667,-0.128235,-0.0221558,-14.9446,-0.54863,15.4241,-0.164062,0.0078125,0.875,0.164062,0.0390625,0.0546875,295,,,,0
2017/01/11,22:25:40,40,89,0.982422,-0.133667,-0.128235,-0.0221558,-14.9446,-0.54863,15.4241,-0.171875,-0.125,0.992188,0.179688,0.0390625,0.0546875,296,,,,0
2017/01/11,22:25:40,40,123,0.98291,-0.176941,0.0189209,0.0471802,3.08924,4.9437,20.2765,-0.203125,-0.460938,0.992188,0.1875,0.0390625,0.0390625,295,,,,0
2017/01/11,22:25:40,40,189,0.98291,-0.176941,0.0189209,0.0471802,3.08924,4.9437,20.2765,-0.109375,-1,0.992188,0.1875,0.0546875,0.0234375,294,,,,0
2017/01/11,22:25:40,40,190,0.962952,-0.196289,0.145325,0.114197,18.9482,9.91687,21.3838,-0.242188,-1,0.882812,0.15625,0.0234375,-0.015625,288,,,,0
2017/01/11,22:25:40,40,223,0.962952,-0.196289,0.145325,0.114197,18.9482,9.91687,21.3838,0.015625,-1,0.445312,0.078125,0.0625,-0.0859375,281,,,,0
2017/01/11,22:25:40,40,224,0.954651,-0.147217,0.187805,0.177979,24.2664,18.1859,13.5916,0.882812,-1,0.320312,0.0078125,0.0625,-0.0703125,272,,,,0
2017/01/11,22:25:40,40,242,0.954651,-0.147217,0.187805,0.177979,24.2664,18.1859,13.5916,-0.210938,-1,0.664062,-0.0390625,-0.0390625,-0.0234375,262,STEP,FRONT,HEEL,0.199259
2017/01/11,22:25:40,40,272,0.970398,-0.117004,0.131226,0.165344,17.0601,17.6724,11.0788,-0.0546875,0.445312,0.976562,-0.09375,-0.226562,0.0546875,252,,,,0
2017/01/11,22:25:40,40,288,0.970398,-0.117004,0.131226,0.165344,17.0601,17.6724,11.0788,0.523438,-0.0078125,0.765625,-0.148438,-0.0703125,0.046875,240,,,,0
2017/01/11,22:25:40,40,338,0.985535,-0.159241,0.0553589,0.0164795,6.56698,0.856598,18.3077,-0.171875,-0.0625,0.875,-0.101562,-0.0546875,-0.0078125,231,,,,0
2017/01/11,22:25:40,40,388,0.985535,-0.159241,0.0553589,0.0164795,6.56698,0.856598,18.3077,0.0234375,0,0.484375,-0.015625,-0.0078125,0,225,,,,0
2017/01/11,22:25:40,40,456,0.987061,-0.159363,0.00878906,-0.0153198,0.714374,-1.8938,18.3545,0.015625,-0.0078125,0.492188,-0.0078125,-0.0078125,0,223,,,,0
2017/01/11,22:25:40,40,473,0.987061,-0.159363,0.00878906,-0.0153198,0.714374,-1.8938,18.3545,0.015625,-0.0078125,0.492188,-0.0078125,-0.0078125,0,225,,,,0
2017/01/11,22:25:40,40,474,0.987,-0.159729,0.00592041,-0.0166626,0.364626,-1.99339,18.3916,0.015625,-0.0078125,0.492188,-0.0078125,-0.0078125,-0.0078125,227,,,,0
2017/01/11,22:25:40,40,475,0.987,-0.159729,0.00592041,-0.0166626,0.364626,-1.99339,18.3916,0.015625,-0.0078125,0.492188,-0.0078125,-0.0078125,-0.0078125,228,,,,0
2017/01/11,22:25:40,40,491,0.987,-0.159607,0.00384521,-0.0174561,0.115636,-2.04517,18.3735,0.015625,-0.015625,0.492188,-0.0078125,-0.0078125,-0.0078125,232,,,,0
2017/01/11,22:25:40,40,523,0.987,-0.159607,0.00384521,-0.0174561,0.115636,-2.04517,18.3735,0.0078125,-0.015625,0.492188,-0.0078125,-0.0078125,-0.0078125,238,,,,0
2017/01/11,22:25:40,40,524,0.987061,-0.159363,0.0010376,-0.0181274,-0.213676,-2.06976,18.3389,0.0078125,-0.015625,0.492188,-0.0078125,-0.0078125,-0.0078125,244,,,,0
2017/01/11,22:25:40,40,637,0.987061,-0.159363,0.0010376,-0.0181274,-0.213676,-2.06976,18.3389,0.015625,-0.015625,0.484375,-0.0078125,-0.0078125,-0.0078125,249,,,,0
2017/01/11,22:25:40,40,638,0.987061,-0.158936,-0.00158691,-0.0184937,-0.51632,-2.06364,18.2851,0.015625,-0.015625,0.492188,-0.0078125,-0.0078125,-0.0078125,251,,,,0
2017/01/11,22:25:40,40,639,0.987061,-0.158936,-0.00158691,-0.0184937,-0.51632,-2.06364,18.2851,0.015625,-0.015625,0.492188,-0.0078125,-0.0078125,-0.0078125,254,,,,0
2017/01/11,22:25:40,40,640,0.987183,-0.158386,-0.00384521,-0.0187988,-0.776199,-2.05745,18.2161,0.0078125,-0.015625,0.492188,-0.0078125,-0.0078125,-0.0078125,259,,,,0
2017/01/11,22:25:40,40,689,0.987183,-0.158386,-0.00384521,-0.0187988,-0.776199,-2.05745,18.2161,0.0078125,-0.015625,0.492188,-0.0078125,-0.0078125,-0.0078125,260,,,,0
2017/01/11,22:25:40,40,690,0.987305,-0.15741,-0.00616455,-0.019104,-1.04209,-2.05104,18.0986,0.0078125,-0.015625,0.492188,-0.0078125,-0.0078125,-0.0078125,262,,,,0
2017/01/11,22:25:40,40,691,0.987305,-0.15741,-0.00616455,-0.019104,-1.04209,-2.05104,18.0986,0.0078125,-0.015625,0.492188,-0.0078125,0,-0.0078125,262,,,,0
2017/01/11,22:25:40,40,723,0.98761,-0.155457,-0.0090332,-0.019165,-1.36384,-2.00903,17.8668,0.0078125,-0.015625,0.5,-0.0078125,0,-0.0078125,261,,,,0
2017/01/11,22:25:40,40,773,0.98761,-0.155457,-0.0090332,-0.019165,-1.36384,-2.00903,17.8668,0,-0.015625,0.53125,-0.015625,0,-0.0078125,261,,,,0
2017/01/11,22:25:40,40,774,0.987915,-0.153076,-0.0158691,-0.017395,-2.1021,-1.69231,17.5847,0.0078125,-0.0390625,0.539062,-0.0234375,0.0078125,0,258,,,,0
2017/01/11,22:25:40,40,823,0.987915,-0.153076,-0.0158691,-0.017395,-2.1021,-1.69231,17.5847,0,-0.046875,0.570312,-0.0390625,0.0078125,0,258,,,,0
2017/01/11,22:25:40,40,824,0.987366,-0.152832,-0.0397949,-0.0107422,-4.69593,-0.520248,17.5764,-0.015625,-0.0625,0.585938,-0.0546875,0,0,261,,,,0
2017/01/11,22:25:40,40,857,0.987366,-0.152832,-0.0397949,-0.0107422,-4.69593,-0.520248,17.5764,0.015625,-0.078125,0.585938,-0.0625,0,-0.0078125,268,,,,0
2017/01/11,22:25:40,40,873,0.984558,-0.152161,-0.0849609,-0.0133057,-9.86615,-0.0200653,17.5691,-0.0234375,-0.101562,0.695312,-0.078125,0,0,276,,,,0
2017/01/11,22:25:40,40,888,0.984558,-0.152161,-0.0849609,-0.0133057,-9.86615,-0.0200653,17.5691,-0.0390625,-0.132812,0.78125,-0.109375,-0.0078125,-0.0078125,285,,,,0
2017/01/11,22:25:40,40,939,0.976013,-0.150635,-0.155151,-0.0234375,-18.0544,0.0597687,17.5567,-0.03125,-0.15625,0.773438,-0.132812,-0.015625,-0.0078125,295,,,,0
2017/01/11,22:25:40,40,958,0.976013,-0.150635,-0.155151,-0.0234375,-18.0544,0.0597687,17.5567,-0.09375,-0.203125,0.796875,-0.148438,-0.03125,-0.015625,304,,,,0
2017/01/11,22:25:40,40,959,0.953491,-0.144348,-0.259277,-0.0524902,-30.6366,-1.68146,16.7566,-0.09375,-0.257812,0.921875,-0.15625,-0.0078125,-0.0234375,317,,,,0
2017/01/11,22:25:40,40,989,0.953491,-0.144348,-0.259277,-0.0524902,-30.6366,-1.68146,16.7566,-0.210938,-0.125,0.859375,-0.148438,0,-0.03125,327,,,,0
2017/01/11,22:25:41,41,25,0.919312,-0.122864,-0.367188,-0.0700684,-43.8154,-3.06676,13.9911,-0.242188,0.570312,0.3125,-0.15625,0.0234375,-0.0546875,333,LIFT,,TOE,0.0490235
2017/01/11,22:25:41,41,42,0.902344,-0.0597534,-0.422058,-0.0638428,-50.2922,-5.81935,4.8437,-0.101562,0.78125,0.789062,-0.0234375,0.046875,-0.09375,339,,,,0
2017/01/11,22:25:41,41,71,0.902344,-0.0597534,-0.422058,-0.0638428,-50.2922,-5.81935,4.8437,0.140625,0.210938,0.28125,0.078125,0.015625,-0.0703125,342,,,,0
2017/01/11,22:25:41,41,90,0.902344,-0.0597534,-0.422058,-0.0638428,-50.2922,-5.81935,4.8437,-0.109375,0.109375,0.164062,0.0703125,-0.0234375,-0.0390625,345,,,,0
2017/01/11,22:25:41,41,138,0.935059,-0.0131836,-0.345703,-0.0770264,-40.4313,-10.2115,-2.15359,-0.09375,0.179688,0.195312,0.0703125,0.0078125,0,349,,,,0
2017/01/11,22:25:41,41,139,0.935059,-0.0131836,-0.345703,-0.0770264,-40.4313,-10.2115,-2.15359,0.0390625,0.179688,0.289062,0.0859375,0.03125,0.0234375,352,,,,0
2017/01/11,22:25:41,41,189,0.960754,-0.0215454,-0.271179,-0.0542603,-31.5614,-6.23738,0.805001,0.0390625,0.109375,0.414062,0.109375,0.03125,0.0390625,355,,,,0
2017/01/11,22:25:41,41,190,0.960754,-0.0215454,-0.271179,-0.0542603,-31.5614,-6.23738,0.805001,0.15625,-0.132812,0.507812,0.125,0.0390625,0.015625,357,,,,0
2017/01/11,22:25:41,41,222,0.985168,-0.0442505,-0.164978,-0.0148315,-19.0489,-0.886414,4.99488,0.164062,-0.40625,0.625,0.125,0.015625,0.0078125,359,,,,0
2017/01/11,22:25:41,41,252,0.985168,-0.0442505,-0.164978,-0.0148315,-19.0489,-0.886414,4.99488,0.0078125,-0.601562,0.734375,0.117188,0,0.015625,2,,,,0
2017/01/11,22:25:41,41,253,0.99646,-0.0534668,-0.0648193,6.10352E-05,-7.42182,0.407532,6.16915,0.015625,-0.820312,0.75,0.109375,0.015625,0.03125,5,,,,0
2017/01/11,22:25:41,41,290,0.996277,-0.0830688,-0.00683594,0.0195312,-0.594517,2.29582,9.54443,0.0859375,-0.921875,0.664062,0.078125,0.0234375,0.0390625,6,,,,0
2017/01/11,22:25:41,41,340,0.996277,-0.0830688,-0.00683594,0.0195312,-0.594517,2.29582,9.54443,0.046875,-0.78125,0.625,0.0546875,0.015625,0.03125,4,,,,0
2017/01/11,22:25:41,41,341,0.993774,-0.10614,0.00640869,0.0317383,1.11591,3.53961,12.1583,0.046875,-0.695312,0.492188,0.0390625,0.0078125,0.0078125,1,,,,0
2017/01/11,22:25:41,41,373,0.993774,-0.10614,0.00640869,0.0317383,1.11591,3.53961,12.1583,0.125,-0.632812,0.453125,0.015625,0.0078125,0,357,,,,0
2017/01/11,22:25:41,41,406,0.993958,-0.10376,-0.0057373,0.03479,-0.239821,4.0343,11.9276,0.15625,-0.515625,0.421875,0,0,-0.0078125,352,,,,0
2017/01/11,22:25:41,41,422,0.993958,-0.10376,-0.0057373,0.03479,-0.239821,4.0343,11.9276,0.320312,-0.53125,0.601562,-0.0234375,-0.046875,-0.015625,346,STEP,FRONT,HEEL,0.0726419
2017/01/11,22:25:41,41,438,0.994568,-0.0999146,-0.0216675,-0.0167847,-2.66255,-1.66705,11.4347,0.109375,-0.0546875,0.773438,-0.015625,-0.0703125,0,341,,,,0
2017/01/11,22:25:41,41,472,0.994568,-0.0999146,-0.0216675,-0.0167847,-2.66255,-1.66705,11.4347,0.015625,-0.015625,0.492188,-0.0078125,-0.0078125,0,338,,,,0
2017/01/11,22:25:41,41,488,0.994446,-0.100342,-0.024231,-0.0198364,-2.99068,-1.985,11.4717,0.0078125,-0.0078125,0.5,-0.0078125,-0.0078125,0,337,,,,0
2017/01/11,22:25:41,41,538,0.994446,-0.100342,-0.024231,-0.0198364,-2.99068,-1.985,11.4717,0.0078125,-0.015625,0.492188,-0.0078125,-0.0078125,-0.0078125,337,,,,0
2017/01/11,22:25:41,41,540,0.994446,-0.100098,-0.0248413,-0.0201416,-3.06328,-2.01366,11.4418,0.0078125,-0.015625,0.492188,-0.0078125,-0.0078125,-0.0078125,338,,,,0
2017/01/11,22:25:41,41,556,0.994446,-0.100098,-0.0248413,-0.0201416,-3.06328,-2.01366,11.4418,0.0078125,-0.015625,0.492188,-0.0078125,-0.0078125,0,342,,,,0
2017/01/11,22:25:41,41,639,0.994446,-0.100098,-0.0249023,-0.0201416,-3.07025,-2.01295,11.4417,0.0078125,-0.015625,0.492188,0,-0.0078125,0,347,,,,0
2017/01/11,22:25:41,41,640,0.994446,-0.100098,-0.0249023,-0.0201416,-3.07025,-2.01295,11.4417,0.0078125,-0.015625,0.492188,0,-0.0078125,0,351,,,,0
2017/01/11,22:25:41,41,641,0.994446,-0.100159,-0.0246582,-0.0200195,-3.04113,-2.00162,11.4495,0.0078125,-0.015625,0.492188,0,-0.0078125,0,356,,,,0
2017/01/11,22:25:41,41,688,0.994446,-0.100159,-0.0246582,-0.0200195,-3.04113,-2.00162,11.4495,0.0078125,-0.015625,0.492188,0,-0.0078125,0,357,,,,0
2017/01/11,22:25:41,41,803,0.994446,-0.100159,-0.0244751,-0.0198975,-3.01883,-1.98976,11.4502,0.0078125,-0.015625,0.492188,-0.0078125,-0.0078125,0,356,,,,0
2017/01/11,22:25:41,41,804,0.994446,-0.100159,-0.0244751,-0.0198975,-3.01883,-1.98976,11.4502,0.0078125,-0.015625,0.492188,-0.0078125,-0.0078125,0,356,,,,0
2017/01/11,22:25:41,41,805,0.994446,-0.100098,-0.0247192,-0.0200195,-3.04795,-2.00111,11.4424,0.0078125,-0.015625,0.492188,-0.0078125,-0.0078125,-0.0078125,357,,,,0
2017/01/11,22:25:41,41,803,0.994446,-0.100098,-0.0247192,-0.0200195,-3.04795,-2.00111,11.4424,0.0078125,-0.015625,0.492188,-0.0078125,-0.0078125,-0.0078125,357,,,,0
2017/01/11,22:25:41,41,804,0.994446,-0.100098,-0.0249023,-0.0200806,-3.06955,-2.00601,11.4419,0.0078125,-0.015625,0.492188,-0.0078125,-0.0078125,0,357,,,,0
2017/01/11,22:25:41,41,823,0.994446,-0.100098,-0.0249023,-0.0200806,-3.06955,-2.00601,11.4419,0.0078125,-0.015625,0.492188,0,-0.0078125,0,356,,,,0
2017/01/11,22:25:41,41,855,0.994446,-0.100098,-0.0247803,-0.0199585,-3.05422,-1.99345,11.4425,0.0078125,-0.015625,0.492188,0,-0.0078125,0,356,,,,0
2017/01/11,22:25:41,41,889,0.994446,-0.100098,-0.0247803,-0.0199585,-3.05422,-1.99345,11.4425,0.0078125,-0.015625,0.492188,0,-0.0078125,0,356,,,,0
2017/01/11,22:25:41,41,923,0.994446,-0.100037,-0.0247803,-0.0197754,-3.05197,-1.97276,11.4362,0.0078125,-0.015625,0.492188,-0.0078125,-0.0078125,0,356,,,,0
2017/01/11,22:25:41,41,939,0.994446,-0.100037,-0.0247803,-0.0197754,-3.05197,-1.97276,11.4362,0.0078125,-0.015625,0.492188,-0.0078125,-0.0078125,0,357,,,,0
2017/01/11,22:25:41,41,955,0.994446,-0.100037,-0.0249023,-0.0197754,-3.0659,-1.97136,11.436,0.0078125,-0.015625,0.492188,-0.0078125,-0.0078125,-0.0078125,357,,,,0
2017/01/11,22:25:41,41,988,0.994446,-0.100037,-0.0249023,-0.0197754,-3.0659,-1.97136,11.436,0.0078125,-0.015625,0.492188,-0.0078125,-0.0078125,-0.0078125,357,,,,0
2017/01/11,22:25:42,42,7,0.994446,-0.0999756,-0.0252075,-0.0198364,-3.10129,-1.97507,11.4283,0.0078125,-0.015625,0.492188,-0.0078125,-0.0078125,0,356,,,,0
2017/01/11,22:25:42,42,72,0.994446,-0.0999756,-0.0252075,-0.0198364,-3.10129,-1.97507,11.4283,0.0078125,-0.015625,0.492188,-0.0078125,-0.0078125,0,356,,,,0
2017/01/11,22:25:42,42,73,0.994446,-0.0999756,-0.0252075,-0.0197754,-3.10059,-1.96809,11.4285,0.0078125,-0.015625,0.492188,0,-0.0078125,0,355,,,,0
2017/01/11,22:25:42,42,105,0.994446,-0.0999756,-0.0252075,-0.0197754,-3.10059,-1.96809,11.4285,0.0078125,-0.015625,0.492188,0,-0.0078125,0,355,,,,0
2017/01/11,22:25:42,42,122,0.994446,-0.0999146,-0.0251465,-0.0196533,-3.09209,-1.95505,11.422,0.0078125,-0.015625,0.492188,0,-0.0078125,0,354,,,,0
2017/01/11,22:25:42,42,139,0.994446,-0.0999146,-0.0251465,-0.0196533,-3.09209,-1.95505,11.422,0.0078125,-0.015625,0.492188,0,-0.0078125,0,354,,,,0
2017/01/11,22:25:42,42,139,0.994446,-0.0999146,-0.0251465,-0.0196533,-3.09209,-1.95505,11.422,0.0078125,-0.015625,0.492188,0,-0.0078125,0,354,,,,0
2017/01/11,22:25:42,42,149,0.994446,-0.0999756,-0.0250854,-0.0195312,-3.08386,-1.94162,11.4295,0.0078125,-0.015625,0.492188,0,-0.0078125,0,354,,,,0
2017/01/11,22:25:42,42,189,0.994446,-0.0999756,-0.0250854,-0.0195312,-3.08386,-1.94162,11.4295,0.0078125,-0.015625,0.492188,0,-0.0078125,0,354,,,,0
2017/01/11,22:25:42,42,190,0.994446,-0.0999146,-0.0250854,-0.0194092,-3.08232,-1.92789,11.4229,0.0078125,-0.015625,0.492188,0,-0.0078125,0,354,,,,0
2017/01/11,22:25:42,42,239,0.994446,-0.0999146,-0.0250854,-0.0194092,-3.08232,-1.92789,11.4229,0.0078125,-0.015625,0.492188,0,-0.0078125,0,355,,,,0
2017/01/11,22:25:42,42,240,0.994446,-0.0999756,-0.0251465,-0.0194092,-3.08943,-1.927,11.4298,0.0078125,-0.015625,0.492188,0,-0.0078125,0,355,,,,0
2017/01/11,22:25:42,42,272,0.994446,-0.0999756,-0.0251465,-0.0194092,-3.08943,-1.927,11.4298,0.0078125,-0.015625,0.492188,0,-0.0078125,0,355,,,,0
2017/01/11,22:25:42,42,304,0.994446,-0.0999756,-0.0251465,-0.0192871,-3.08802,-1.91306,11.4302,0.0078125,-0.015625,0.492188,0,-0.0078125,0,356,,,,0
2017/01/11,22:25:42,42,322,0.994446,-0.0999756,-0.0251465,-0.0192871,-3.08802,-1.91306,11.4302,0.0078125,-0.015625,0.492188,-0.0078125,-0.0078125,0,356,,,,0
2017/01/11,22:25:42,42,339,0.994446,-0.0999756,-0.0252686,-0.0192871,-3.10196,-1.91167,11.43,0.0078125,-0.015625,0.492188,-0.0078125,-0.0078125,0,356,,,,0
2017/01/11,22:25:42,42,390,0.994446,-0.0999756,-0.0252686,-0.0192871,-3.10196,-1.91167,11.43,0.0078125,-0.015625,0.492188,-0.0078125,-0.0078125,0,356,,,,0
2017/01/11,22:25:42,42,391,0.994446,-0.100037,-0.0253906,-0.0193481,-3.11672,-1.91705,11.4366,0.0078125,-0.015625,0.492188,-0.0078125,-0.0078125,0,355,,,,0
2017/01/11,22:25:42,42,439,0.994446,-0.100037,-0.0253906,-0.0193481,-3.11672,-1.91705,11.4366,0.0078125,-0.015625,0.492188,-0.0078125,-0.0078125,0,355,,,,0
2017/01/11,22:25:42,42,456,0.994446,-0.0999756,-0.0255737,-0.0193481,-3.13748,-1.91516,11.4293,0.0078125,-0.015625,0.492188,0,-0.0078125,0,355,,,,0
2017/01/11,22:25:42,42,489,0.994446,-0.0999756,-0.0255737,-0.0193481,-3.13748,-1.91516,11.4293,0.0078125,-0.015625,0.492188,0,-0.0078125,0,355,,,,0
2017/01/11,22:25:42,42,490,0.994446,-0.0999756,-0.0255127,-0.0192261,-3.12912,-1.90193,11.4298,0.0078125,-0.015625,0.492188,0,-0.0078125,0,355,,,,0
2017/01/11,22:25:42,42,540,0.994446,-0.0999756,-0.0255127,-0.0192261,-3.12912,-1.90193,11.4298,0.0078125,-0.015625,0.492188,0,-0.0078125,0,356,,,,0
2017/01/11,22:25:42,42,541,0.994446,-0.100037,-0.0255737,-0.0192261,-3.13622,-1.90103,11.4367,0.0078125,-0.015625,0.492188,0,-0.0078125,0,356,,,,0
2017/01/11,22:25:42,42,573,0.994446,-0.100037,-0.0255737,-0.0192261,-3.13622,-1.90103,11.4367,0.0078125,-0.015625,0.492188,0,-0.0078125,0,356,,,,0
2017/01/11,22:25:42,42,606,0.994446,-0.100037,-0.0255737,-0.019165,-3.13552,-1.89406,11.4369,0.0078125,-0.015625,0.492188,0,-0.0078125,0,356,,,,0
2017/01/11,22:25:42,42,607,0.994446,-0.100037,-0.0255737,-0.019165,-3.13552,-1.89406,11.4369,0.0078125,-0.015625,0.492188,0,-0.0078125,0,356,,,,0
2017/01/11,22:25:42,42,640,0.994446,-0.100037,-0.0255737,-0.019165,-3.13552,-1.89406,11.4369,0.0078125,-0.015625,0.492188,0,-0.0078125,0,356,,,,0
2017/01/11,22:25:42,42,674,0.994446,-0.100037,-0.0255737,-0.019165,-3.13552,-1.89406,11.4369,0.0078125,-0.015625,0.492188,0,-0.0078125,0,356,,,,0
2017/01/11,22:25:42,42,691,0.994446,-0.100098,-0.0256348,-0.019165,-3.14262,-1.89317,11.4438,0.0078125,-0.015625,0.492188,0,-0.0078125,0,356,,,,0
2017/01/11,22:25:42,42,723,0.994446,-0.100098,-0.0256348,-0.019165,-3.14262,-1.89317,11.4438,0.0078125,-0.015625,0.492188,0,-0.0078125,0,355,,,,0
2017/01/11,22:25:42,42,758,0.994446,-0.100098,-0.0256348,-0.019104,-3.14192,-1.8862,11.444,0.0078125,-0.015625,0.492188,0,-0.0078125,0,355,,,,0
2017/01/11,22:25:42,42,759,0.994446,-0.100098,-0.0256348,-0.019104,-3.14192,-1.8862,11.444,0.0078125,-0.015625,0.492188,0,-0.0078125,0,356,,,,0
2017/01/11,22:25:42,42,806,0.994446,-0.100098,-0.0256348,-0.019104,-3.14192,-1.8862,11.444,0.0078125,-0.015625,0.492188,0,-0.0078125,0,356,,,,0
2017/01/11,22:25:42,42,839,0.994446,-0.100098,-0.0256348,-0.019104,-3.14192,-1.8862,11.444,0.0078125,-0.015625,0.492188,0,-0.0078125,0,356,,,,0
2017/01/11,22:25:42,42,840,0.994446,-0.100098,-0.0256348,-0.019104,-3.14192,-1.8862,11.444,0.0078125,-0.015625,0.492188,0,-0.0078125,0,356,,,,0
2017/01/11,22:25:42,42,873,0.994446,-0.100098,-0.0256348,-0.019104,-3.14192,-1.8862,11.444,0.0078125,-0.015625,0.492188,0,-0.0078125,0,356,,,,0
2017/01/11,22:25:42,42,906,0.994446,-0.100037,-0.0256958,-0.019043,-3.14805,-1.87875,11.4371,0.0078125,-0.015625,0.492188,0,-0.0078125,0,356,,,,0
2017/01/11,22:25:42,42,907,0.994446,-0.100037,-0.0256958,-0.019043,-3.14805,-1.87875,11.4371,0.0078125,-0.015625,0.492188,-0.0078125,-0.0078125,0,355,,,,0
2017/01/11,22:25:42,42,958,0.994446,-0.100037,-0.0257568,-0.019104,-3.15571,-1.88503,11.4368,0.0078125,-0.015625,0.492188,0,-0.0078125,0,355,,,,0
2017/01/11,22:25:42,42,990,0.994446,-0.100037,-0.0257568,-0.019104,-3.15571,-1.88503,11.4368,0.0078125,-0.015625,0.492188,-0.0078125,-0.0078125,0,356,,,,0
2017/01/11,22:25:43,43,26,0.994446,-0.100037,-0.0258179,-0.019043,-3.16198,-1.87735,11.4369,0.0078125,-0.015625,0.492188,0,-0.0078125,0,356,,,,0
2017/01/11,22:25:43,43,39,0.994446,-0.100037,-0.0258179,-0.019043,-3.16198,-1.87735,11.4369,0.0078125,-0.015625,0.492188,-0.0078125,-0.0078125,0,356,,,,0
2017/01/11,22:25:43,43,40,0.994446,-0.100037,-0.0258789,-0.019043,-3.16894,-1.87666,11.4368,0.0078125,-0.015625,0.492188,0,-0.0078125,0,356,,,,0
2017/01/11,22:25:43,43,69,0.994446,-0.100037,-0.0258789,-0.019043,-3.16894,-1.87666,11.4368,0.0078125,-0.015625,0.492188,0,-0.0078125,0,356,,,,0
2017/01/11,22:25:43,43,89,0.994446,-0.100037,-0.0258789,-0.0189819,-3.16824,-1.86969,11.437,0.0078125,-0.015625,0.492188,0,-0.0078125,0,356,,,,0
2017/01/11,22:25:43,43,124,0.994446,-0.100037,-0.0258789,-0.0189819,-3.16824,-1.86969,11.437,0.0078125,-0.015625,0.492188,0,-0.0078125,0,356,,,,0
2017/01/11,22:25:43,43,157,0.994446,-0.0999756,-0.0258789,-0.0189819,-3.16811,-1.86989,11.43,0.0078125,-0.015625,0.492188,0,-0.0078125,0,357,,,,0
2017/01/11,22:25:43,43,190,0.994446,-0.0999756,-0.0258789,-0.0189819,-3.16811,-1.86989,11.43,0.0078125,-0.015625,0.492188,0,-0.0078125,0,356,,,,0
2017/01/11,22:25:43,43,207,0.994446,-0.0999756,-0.0258789,-0.0189819,-3.16811,-1.86989,11.43,0.0078125,-0.015625,0.492188,0,-0.0078125,0,356,,,,0
2017/01/11,22:25:43,43,224,0.994446,-0.0999756,-0.0258789,-0.0189819,-3.16811,-1.86989,11.43,0.0078125,-0.015625,0.492188,0,-0.0078125,0,356,,,,0
2017/01/11,22:25:43,43,240,0.994446,-0.0999756,-0.0258789,-0.0189209,-3.16741,-1.86293,11.4303,0.0078125,-0.015625,0.492188,0,-0.0078125,0,356,,,,0